ticket_id,fecha,hora,servicio,camarero,productos,cantidades,total_ticket
1,2025-06-01,08:00,mesa,Camarero_4,Jugo,1,800.0
2,2025-06-01,08:00,mesa,Camarero_1,"Café Espresso, Jugo, Tostado","3, 2, 1",5000.0
3,2025-06-01,08:00,mesa,Camarero_1,Latte,3,2850.0
4,2025-06-01,08:00,mesa,Camarero_3,"Medialuna, Tostado, Latte","3, 2, 1",5050.0
5,2025-06-01,08:00,take_away,Camarero_2,"Latte, Latte","2, 1",2850.0
6,2025-06-01,08:00,take_away,Camarero_5,Cappuccino,2,2000.0
7,2025-06-01,08:00,mesa,Camarero_6,"Tostado, Café Espresso, Agua","1, 3, 2",4600.0
8,2025-06-01,08:00,mesa,Camarero_7,"Café Espresso, Medialuna, Jugo","1, 1, 1",2000.0
9,2025-06-01,08:00,take_away,Camarero_4,"Medialuna, Cappuccino","2, 2",3000.0
10,2025-06-01,08:00,take_away,Camarero_4,"Agua, Medialuna, Medialuna","1, 3, 3",3600.0
11,2025-06-01,08:00,mesa,Camarero_4,"Cappuccino, Agua","3, 3",4800.0
12,2025-06-01,08:00,take_away,Camarero_6,Latte,1,950.0
13,2025-06-01,08:00,take_away,Camarero_6,"Café Espresso, Agua","3, 3",3900.0
14,2025-06-01,08:00,mesa,Camarero_4,"Tostado, Agua, Medialuna","1, 2, 1",3000.0
15,2025-06-01,08:00,take_away,Camarero_8,"Medialuna, Agua, Cappuccino","1, 1, 3",4100.0
16,2025-06-01,12:00,mesa,Camarero_7,Latte,1,950.0
17,2025-06-01,12:00,mesa,Camarero_1,"Cappuccino, Agua","3, 2",4200.0
18,2025-06-01,12:00,mesa,Camarero_7,"Agua, Jugo, Jugo","2, 1, 2",3600.0
19,2025-06-01,12:00,mesa,Camarero_3,"Café Espresso, Jugo","3, 2",3700.0
20,2025-06-01,12:00,mesa,Camarero_1,"Cappuccino, Medialuna, Medialuna","1, 2, 1",2500.0
21,2025-06-01,12:00,take_away,Camarero_1,"Café Espresso, Agua","2, 1",2000.0
22,2025-06-01,16:00,mesa,Camarero_3,Jugo,1,800.0
23,2025-06-01,16:00,mesa,Camarero_4,"Tostado, Tostado, Latte","3, 2, 1",7450.0
24,2025-06-01,16:00,take_away,Camarero_8,"Agua, Medialuna","2, 3",2700.0
25,2025-06-01,16:00,mesa,Camarero_1,Latte,2,1900.0
26,2025-06-01,16:00,mesa,Camarero_6,"Latte, Café Espresso, Medialuna","1, 1, 1",2150.0
27,2025-06-01,16:00,mesa,Camarero_8,"Latte, Medialuna, Latte","1, 3, 3",5300.0
28,2025-06-01,16:00,mesa,Camarero_7,"Jugo, Latte","1, 3",3650.0
29,2025-06-01,16:00,take_away,Camarero_2,"Cappuccino, Agua","1, 3",2800.0
30,2025-06-01,20:00,take_away,Camarero_3,"Cappuccino, Agua, Latte","1, 3, 2",4700.0
31,2025-06-01,20:00,take_away,Camarero_2,Latte,1,950.0
32,2025-06-01,20:00,take_away,Camarero_3,"Café Espresso, Medialuna, Tostado","1, 1, 1",2500.0
33,2025-06-01,20:00,take_away,Camarero_7,"Tostado, Agua","1, 1",1900.0
34,2025-06-01,20:00,mesa,Camarero_7,"Latte, Jugo","2, 2",3500.0
35,2025-06-02,08:00,take_away,Camarero_1,Latte,1,950.0
36,2025-06-02,08:00,mesa,Camarero_2,"Cappuccino, Café Espresso, Tostado","3, 1, 1",5000.0
37,2025-06-02,08:00,mesa,Camarero_4,Medialuna,3,1500.0
38,2025-06-02,08:00,take_away,Camarero_4,Agua,3,1800.0
39,2025-06-02,08:00,mesa,Camarero_6,"Café Espresso, Medialuna, Tostado","2, 2, 1",3700.0
40,2025-06-02,08:00,mesa,Camarero_6,"Cappuccino, Medialuna","2, 2",3000.0
41,2025-06-02,08:00,mesa,Camarero_2,Tostado,3,3900.0
42,2025-06-02,08:00,mesa,Camarero_5,"Latte, Latte, Agua","1, 1, 2",3100.0
43,2025-06-02,08:00,mesa,Camarero_1,"Jugo, Medialuna","3, 3",3900.0
44,2025-06-02,08:00,take_away,Camarero_3,"Café Espresso, Agua, Latte","1, 3, 3",5350.0
45,2025-06-02,08:00,take_away,Camarero_5,"Medialuna, Jugo","1, 3",2900.0
46,2025-06-02,08:00,take_away,Camarero_7,"Agua, Jugo","1, 3",3000.0
47,2025-06-02,08:00,take_away,Camarero_5,Café Espresso,1,700.0
48,2025-06-02,12:00,take_away,Camarero_1,"Medialuna, Tostado, Café Espresso","3, 1, 3",4900.0
49,2025-06-02,12:00,take_away,Camarero_4,"Tostado, Tostado, Café Espresso","2, 1, 2",5300.0
50,2025-06-02,12:00,mesa,Camarero_3,"Café Espresso, Jugo, Agua","2, 3, 3",5600.0
51,2025-06-02,12:00,mesa,Camarero_7,Agua,1,600.0
52,2025-06-02,12:00,mesa,Camarero_7,Jugo,2,1600.0
53,2025-06-02,12:00,mesa,Camarero_8,"Latte, Medialuna","2, 1",2400.0
54,2025-06-02,12:00,mesa,Camarero_6,Jugo,2,1600.0
55,2025-06-02,16:00,mesa,Camarero_7,Café Espresso,1,700.0
56,2025-06-02,16:00,take_away,Camarero_7,"Agua, Agua","2, 2",2400.0
57,2025-06-02,16:00,take_away,Camarero_3,Café Espresso,2,1400.0
58,2025-06-02,16:00,take_away,Camarero_6,Café Espresso,2,1400.0
59,2025-06-02,16:00,take_away,Camarero_4,"Medialuna, Tostado","2, 3",4900.0
60,2025-06-02,16:00,take_away,Camarero_4,Medialuna,1,500.0
61,2025-06-02,16:00,take_away,Camarero_6,"Café Espresso, Medialuna","2, 3",2900.0
62,2025-06-02,16:00,mesa,Camarero_5,"Agua, Tostado, Medialuna","2, 2, 3",5300.0
63,2025-06-02,16:00,mesa,Camarero_3,Cappuccino,2,2000.0
64,2025-06-02,20:00,take_away,Camarero_7,"Tostado, Café Espresso","2, 1",3300.0
65,2025-06-02,20:00,take_away,Camarero_3,"Tostado, Medialuna","3, 2",4900.0
66,2025-06-02,20:00,mesa,Camarero_4,"Tostado, Medialuna","2, 1",3100.0
67,2025-06-02,20:00,take_away,Camarero_1,Jugo,1,800.0
68,2025-06-02,20:00,mesa,Camarero_2,Agua,3,1800.0
69,2025-06-02,20:00,take_away,Camarero_7,"Agua, Medialuna","3, 3",3300.0
70,2025-06-02,20:00,take_away,Camarero_7,"Latte, Medialuna","1, 1",1450.0
71,2025-06-02,20:00,mesa,Camarero_8,Jugo,3,2400.0
72,2025-06-02,20:00,mesa,Camarero_6,"Latte, Jugo, Tostado","2, 3, 3",8200.0
73,2025-06-02,20:00,take_away,Camarero_8,"Jugo, Agua, Cappuccino","3, 2, 1",4600.0
74,2025-06-02,20:00,take_away,Camarero_8,"Jugo, Jugo","2, 3",4000.0
75,2025-06-02,20:00,mesa,Camarero_6,"Tostado, Medialuna","1, 2",2300.0
76,2025-06-02,20:00,take_away,Camarero_2,"Café Espresso, Latte, Cappuccino","1, 3, 1",4550.0
77,2025-06-02,20:00,take_away,Camarero_7,"Cappuccino, Tostado","1, 1",2300.0
78,2025-06-03,08:00,mesa,Camarero_4,"Cappuccino, Café Espresso, Cappuccino","2, 2, 3",6400.0
79,2025-06-03,08:00,take_away,Camarero_1,Latte,2,1900.0
80,2025-06-03,08:00,take_away,Camarero_8,"Medialuna, Jugo","3, 1",2300.0
81,2025-06-03,08:00,mesa,Camarero_7,"Tostado, Agua, Medialuna","3, 1, 1",5000.0
82,2025-06-03,08:00,mesa,Camarero_8,"Latte, Latte","2, 1",2850.0
83,2025-06-03,08:00,take_away,Camarero_2,"Jugo, Cappuccino","2, 2",3600.0
84,2025-06-03,08:00,take_away,Camarero_6,Jugo,1,800.0
85,2025-06-03,08:00,mesa,Camarero_1,"Café Espresso, Agua, Café Espresso","1, 1, 1",2000.0
86,2025-06-03,08:00,mesa,Camarero_2,Café Espresso,3,2100.0
87,2025-06-03,08:00,mesa,Camarero_2,"Medialuna, Jugo","1, 3",2900.0
88,2025-06-03,08:00,mesa,Camarero_7,"Café Espresso, Café Espresso","2, 3",3500.0
89,2025-06-03,12:00,mesa,Camarero_4,Medialuna,3,1500.0
90,2025-06-03,12:00,mesa,Camarero_6,"Jugo, Jugo, Medialuna","1, 3, 1",3700.0
91,2025-06-03,12:00,take_away,Camarero_7,"Cappuccino, Tostado, Cappuccino","2, 2, 1",5600.0
92,2025-06-03,12:00,take_away,Camarero_5,"Agua, Tostado, Latte","1, 3, 3",7350.0
93,2025-06-03,12:00,take_away,Camarero_4,"Tostado, Jugo","2, 2",4200.0
94,2025-06-03,12:00,mesa,Camarero_7,"Agua, Latte","2, 3",4050.0
95,2025-06-03,12:00,take_away,Camarero_3,Tostado,2,2600.0
96,2025-06-03,12:00,take_away,Camarero_6,Cappuccino,2,2000.0
97,2025-06-03,12:00,take_away,Camarero_7,"Medialuna, Latte, Café Espresso","1, 1, 1",2150.0
98,2025-06-03,12:00,take_away,Camarero_2,"Jugo, Medialuna, Medialuna","2, 2, 1",3100.0
99,2025-06-03,12:00,take_away,Camarero_5,Cappuccino,1,1000.0
100,2025-06-03,16:00,take_away,Camarero_6,"Tostado, Cappuccino","3, 3",6900.0
101,2025-06-03,16:00,take_away,Camarero_2,"Tostado, Cappuccino, Latte","3, 1, 2",6800.0
102,2025-06-03,16:00,mesa,Camarero_5,Latte,2,1900.0
103,2025-06-03,16:00,take_away,Camarero_4,Jugo,2,1600.0
104,2025-06-03,16:00,take_away,Camarero_3,Cappuccino,3,3000.0
105,2025-06-03,16:00,take_away,Camarero_5,Agua,3,1800.0
106,2025-06-03,16:00,mesa,Camarero_8,"Agua, Tostado, Agua","3, 2, 2",5600.0
107,2025-06-03,16:00,take_away,Camarero_2,"Latte, Café Espresso","2, 1",2600.0
108,2025-06-03,16:00,take_away,Camarero_3,"Café Espresso, Medialuna","1, 1",1200.0
109,2025-06-03,16:00,take_away,Camarero_7,Agua,1,600.0
110,2025-06-03,16:00,mesa,Camarero_1,"Cappuccino, Agua, Cappuccino","3, 2, 2",6200.0
111,2025-06-03,16:00,mesa,Camarero_2,Medialuna,2,1000.0
112,2025-06-03,16:00,mesa,Camarero_3,Latte,1,950.0
113,2025-06-03,16:00,mesa,Camarero_4,"Tostado, Medialuna","2, 1",3100.0
114,2025-06-03,16:00,take_away,Camarero_4,"Latte, Agua, Café Espresso","1, 2, 3",4250.0
115,2025-06-03,20:00,mesa,Camarero_3,"Latte, Latte, Latte","1, 1, 1",2850.0
116,2025-06-03,20:00,take_away,Camarero_5,"Jugo, Tostado, Cappuccino","1, 2, 3",6400.0
117,2025-06-03,20:00,take_away,Camarero_1,"Tostado, Tostado","1, 3",5200.0
118,2025-06-03,20:00,take_away,Camarero_1,"Cappuccino, Latte, Café Espresso","3, 3, 3",7950.0
119,2025-06-03,20:00,take_away,Camarero_3,"Café Espresso, Jugo, Tostado","3, 2, 2",6300.0
120,2025-06-03,20:00,take_away,Camarero_2,"Jugo, Agua, Tostado","2, 2, 2",5400.0
121,2025-06-03,20:00,mesa,Camarero_1,"Cappuccino, Tostado","3, 2",5600.0
122,2025-06-03,20:00,take_away,Camarero_2,Cappuccino,2,2000.0
123,2025-06-03,20:00,take_away,Camarero_4,"Jugo, Café Espresso, Agua","2, 2, 1",3600.0
124,2025-06-03,20:00,take_away,Camarero_3,"Jugo, Medialuna, Jugo","1, 2, 3",4200.0
125,2025-06-03,20:00,take_away,Camarero_4,"Agua, Tostado","1, 3",4500.0
126,2025-06-04,08:00,take_away,Camarero_3,"Café Espresso, Cappuccino, Latte","1, 2, 1",3650.0
127,2025-06-04,08:00,take_away,Camarero_8,"Cappuccino, Medialuna, Cappuccino","2, 2, 1",4000.0
128,2025-06-04,08:00,mesa,Camarero_2,"Latte, Medialuna","3, 1",3350.0
129,2025-06-04,08:00,take_away,Camarero_5,"Cappuccino, Jugo","2, 1",2800.0
130,2025-06-04,08:00,take_away,Camarero_6,"Medialuna, Medialuna, Agua","2, 3, 2",3700.0
131,2025-06-04,08:00,take_away,Camarero_7,"Jugo, Cappuccino, Agua","1, 3, 1",4400.0
132,2025-06-04,08:00,mesa,Camarero_7,"Café Espresso, Jugo","3, 2",3700.0
133,2025-06-04,12:00,mesa,Camarero_2,"Agua, Café Espresso","3, 2",3200.0
134,2025-06-04,12:00,take_away,Camarero_1,Tostado,2,2600.0
135,2025-06-04,12:00,mesa,Camarero_5,"Agua, Agua","1, 2",1800.0
136,2025-06-04,12:00,take_away,Camarero_6,"Medialuna, Medialuna, Jugo","3, 3, 2",4600.0
137,2025-06-04,12:00,take_away,Camarero_2,"Café Espresso, Café Espresso, Medialuna","2, 1, 3",3600.0
138,2025-06-04,12:00,take_away,Camarero_2,Jugo,3,2400.0
139,2025-06-04,12:00,take_away,Camarero_1,Medialuna,1,500.0
140,2025-06-04,12:00,take_away,Camarero_7,Cappuccino,2,2000.0
141,2025-06-04,12:00,mesa,Camarero_3,Tostado,3,3900.0
142,2025-06-04,12:00,mesa,Camarero_4,Café Espresso,2,1400.0
143,2025-06-04,12:00,take_away,Camarero_8,"Latte, Tostado, Latte","2, 3, 1",6750.0
144,2025-06-04,12:00,take_away,Camarero_7,"Tostado, Café Espresso, Agua","3, 2, 3",7100.0
145,2025-06-04,12:00,take_away,Camarero_2,"Jugo, Latte","2, 2",3500.0
146,2025-06-04,12:00,mesa,Camarero_1,"Medialuna, Medialuna","3, 2",2500.0
147,2025-06-04,12:00,take_away,Camarero_8,"Café Espresso, Agua","3, 1",2700.0
148,2025-06-04,16:00,mesa,Camarero_3,"Jugo, Latte, Latte","2, 3, 3",7300.0
149,2025-06-04,16:00,mesa,Camarero_3,"Medialuna, Cappuccino, Tostado","3, 2, 3",7400.0
150,2025-06-04,16:00,mesa,Camarero_6,"Cappuccino, Cappuccino","1, 1",2000.0
151,2025-06-04,16:00,take_away,Camarero_5,Latte,2,1900.0
152,2025-06-04,16:00,take_away,Camarero_3,Tostado,1,1300.0
153,2025-06-04,16:00,mesa,Camarero_7,"Jugo, Agua, Agua","3, 2, 1",4200.0
154,2025-06-04,16:00,mesa,Camarero_5,"Tostado, Tostado","3, 3",7800.0
155,2025-06-04,16:00,take_away,Camarero_6,"Agua, Café Espresso, Latte","1, 3, 3",5550.0
156,2025-06-04,16:00,mesa,Camarero_2,"Café Espresso, Jugo, Agua","2, 3, 2",5000.0
157,2025-06-04,20:00,mesa,Camarero_2,Cappuccino,2,2000.0
158,2025-06-04,20:00,mesa,Camarero_7,Agua,1,600.0
159,2025-06-04,20:00,take_away,Camarero_3,"Medialuna, Jugo","3, 2",3100.0
160,2025-06-04,20:00,take_away,Camarero_6,"Café Espresso, Tostado, Cappuccino","2, 1, 3",5700.0
161,2025-06-04,20:00,mesa,Camarero_6,"Tostado, Latte","2, 1",3550.0
162,2025-06-04,20:00,take_away,Camarero_2,Cappuccino,1,1000.0
163,2025-06-04,20:00,take_away,Camarero_1,Medialuna,3,1500.0
164,2025-06-05,08:00,take_away,Camarero_4,Agua,3,1800.0
165,2025-06-05,08:00,mesa,Camarero_1,"Latte, Latte, Agua","2, 1, 3",4650.0
166,2025-06-05,08:00,take_away,Camarero_5,Agua,3,1800.0
167,2025-06-05,08:00,mesa,Camarero_3,Medialuna,1,500.0
168,2025-06-05,08:00,mesa,Camarero_3,"Jugo, Latte","2, 1",2550.0
169,2025-06-05,12:00,mesa,Camarero_2,Jugo,3,2400.0
170,2025-06-05,12:00,mesa,Camarero_8,"Tostado, Cappuccino","3, 1",4900.0
171,2025-06-05,12:00,mesa,Camarero_1,"Café Espresso, Jugo, Agua","3, 2, 2",4900.0
172,2025-06-05,12:00,mesa,Camarero_8,"Jugo, Cappuccino","1, 2",2800.0
173,2025-06-05,12:00,mesa,Camarero_2,Cappuccino,1,1000.0
174,2025-06-05,12:00,mesa,Camarero_7,"Medialuna, Medialuna","3, 2",2500.0
175,2025-06-05,12:00,take_away,Camarero_4,"Tostado, Tostado","3, 1",5200.0
176,2025-06-05,12:00,take_away,Camarero_7,"Agua, Cappuccino","2, 2",3200.0
177,2025-06-05,12:00,mesa,Camarero_8,"Cappuccino, Medialuna","2, 1",2500.0
178,2025-06-05,16:00,mesa,Camarero_6,Café Espresso,1,700.0
179,2025-06-05,16:00,mesa,Camarero_6,"Café Espresso, Agua, Tostado","3, 1, 2",5300.0
180,2025-06-05,16:00,take_away,Camarero_4,"Café Espresso, Cappuccino, Cappuccino","1, 3, 3",6700.0
181,2025-06-05,16:00,mesa,Camarero_5,"Tostado, Jugo, Cappuccino","3, 2, 1",6500.0
182,2025-06-05,16:00,mesa,Camarero_1,"Jugo, Agua","3, 3",4200.0
183,2025-06-05,16:00,take_away,Camarero_5,Latte,3,2850.0
184,2025-06-05,20:00,take_away,Camarero_7,Latte,1,950.0
185,2025-06-05,20:00,mesa,Camarero_2,Jugo,1,800.0
186,2025-06-05,20:00,mesa,Camarero_6,"Cappuccino, Cappuccino","2, 2",4000.0
187,2025-06-05,20:00,mesa,Camarero_1,Latte,3,2850.0
188,2025-06-05,20:00,mesa,Camarero_7,"Tostado, Cappuccino","3, 2",5900.0
189,2025-06-05,20:00,take_away,Camarero_6,Jugo,1,800.0
190,2025-06-05,20:00,take_away,Camarero_8,Latte,3,2850.0
191,2025-06-05,20:00,take_away,Camarero_1,Latte,3,2850.0
192,2025-06-05,20:00,mesa,Camarero_3,Cappuccino,1,1000.0
193,2025-06-05,20:00,take_away,Camarero_3,"Cappuccino, Café Espresso","3, 2",4400.0
194,2025-06-06,08:00,take_away,Camarero_1,"Medialuna, Tostado, Jugo","2, 1, 2",3900.0
195,2025-06-06,08:00,take_away,Camarero_6,Tostado,1,1300.0
196,2025-06-06,08:00,take_away,Camarero_3,"Cappuccino, Medialuna, Cappuccino","2, 1, 2",4500.0
197,2025-06-06,08:00,take_away,Camarero_7,"Agua, Café Espresso, Jugo","1, 2, 3",4400.0
198,2025-06-06,08:00,mesa,Camarero_3,"Agua, Jugo","1, 2",2200.0
199,2025-06-06,08:00,mesa,Camarero_3,"Medialuna, Tostado, Latte","2, 2, 3",6450.0
200,2025-06-06,08:00,mesa,Camarero_3,Latte,1,950.0
201,2025-06-06,12:00,mesa,Camarero_8,"Café Espresso, Agua, Medialuna","2, 3, 3",4700.0
202,2025-06-06,12:00,take_away,Camarero_1,"Cappuccino, Tostado, Tostado","3, 2, 2",8200.0
203,2025-06-06,12:00,take_away,Camarero_2,"Café Espresso, Tostado, Café Espresso","2, 2, 1",4700.0
204,2025-06-06,12:00,take_away,Camarero_8,"Medialuna, Agua","3, 1",2100.0
205,2025-06-06,12:00,mesa,Camarero_2,"Medialuna, Tostado","1, 2",3100.0
206,2025-06-06,12:00,take_away,Camarero_3,"Café Espresso, Medialuna, Café Espresso","3, 2, 2",4500.0
207,2025-06-06,12:00,take_away,Camarero_1,"Agua, Cappuccino","2, 3",4200.0
208,2025-06-06,12:00,take_away,Camarero_7,Cappuccino,3,3000.0
209,2025-06-06,12:00,take_away,Camarero_6,"Jugo, Medialuna","3, 1",2900.0
210,2025-06-06,12:00,mesa,Camarero_7,"Medialuna, Agua, Cappuccino","3, 3, 3",6300.0
211,2025-06-06,12:00,mesa,Camarero_2,"Medialuna, Café Espresso, Tostado","3, 2, 1",4200.0
212,2025-06-06,12:00,take_away,Camarero_4,"Cappuccino, Cappuccino, Latte","1, 2, 2",4900.0
213,2025-06-06,12:00,mesa,Camarero_2,Latte,2,1900.0
214,2025-06-06,12:00,mesa,Camarero_3,"Cappuccino, Jugo, Café Espresso","2, 1, 1",3500.0
215,2025-06-06,16:00,mesa,Camarero_5,"Tostado, Cappuccino, Medialuna","1, 2, 3",4800.0
216,2025-06-06,16:00,take_away,Camarero_8,Tostado,2,2600.0
217,2025-06-06,16:00,mesa,Camarero_5,"Medialuna, Tostado","2, 2",3600.0
218,2025-06-06,16:00,take_away,Camarero_1,"Tostado, Agua, Jugo","3, 1, 2",6100.0
219,2025-06-06,16:00,take_away,Camarero_5,"Tostado, Café Espresso","3, 1",4600.0
220,2025-06-06,16:00,mesa,Camarero_3,Latte,3,2850.0
221,2025-06-06,16:00,take_away,Camarero_8,Agua,1,600.0
222,2025-06-06,16:00,take_away,Camarero_6,Cappuccino,2,2000.0
223,2025-06-06,16:00,mesa,Camarero_2,"Agua, Cappuccino","1, 2",2600.0
224,2025-06-06,16:00,take_away,Camarero_8,Café Espresso,2,1400.0
225,2025-06-06,16:00,mesa,Camarero_3,"Tostado, Medialuna, Agua","1, 2, 1",2900.0
226,2025-06-06,16:00,take_away,Camarero_5,Jugo,1,800.0
227,2025-06-06,16:00,mesa,Camarero_8,Latte,3,2850.0
228,2025-06-06,16:00,mesa,Camarero_1,Jugo,2,1600.0
229,2025-06-06,20:00,mesa,Camarero_3,"Latte, Tostado, Medialuna","1, 3, 2",5850.0
230,2025-06-06,20:00,mesa,Camarero_1,"Agua, Café Espresso, Tostado","3, 3, 3",7800.0
231,2025-06-06,20:00,take_away,Camarero_1,"Café Espresso, Cappuccino","2, 2",3400.0
232,2025-06-06,20:00,take_away,Camarero_2,Cappuccino,3,3000.0
233,2025-06-06,20:00,take_away,Camarero_6,Café Espresso,3,2100.0
234,2025-06-06,20:00,mesa,Camarero_8,"Tostado, Medialuna, Medialuna","1, 1, 3",3300.0
235,2025-06-06,20:00,mesa,Camarero_5,"Latte, Jugo","1, 2",2550.0
236,2025-06-06,20:00,take_away,Camarero_6,"Tostado, Café Espresso, Medialuna","2, 2, 1",4500.0
237,2025-06-06,20:00,take_away,Camarero_7,Jugo,2,1600.0
238,2025-06-06,20:00,take_away,Camarero_6,"Cappuccino, Latte","3, 2",4900.0
239,2025-06-06,20:00,take_away,Camarero_7,Jugo,1,800.0
240,2025-06-06,20:00,mesa,Camarero_7,"Cappuccino, Café Espresso, Cappuccino","2, 2, 2",5400.0
241,2025-06-06,20:00,mesa,Camarero_5,"Tostado, Tostado, Jugo","2, 3, 2",8100.0
242,2025-06-06,20:00,mesa,Camarero_6,Medialuna,2,1000.0
243,2025-06-06,20:00,mesa,Camarero_8,Café Espresso,3,2100.0
244,2025-06-07,08:00,mesa,Camarero_6,Latte,3,2850.0
245,2025-06-07,08:00,take_away,Camarero_8,"Agua, Café Espresso","1, 3",2700.0
246,2025-06-07,08:00,take_away,Camarero_6,"Tostado, Café Espresso","1, 3",3400.0
247,2025-06-07,08:00,take_away,Camarero_3,"Medialuna, Latte","1, 1",1450.0
248,2025-06-07,08:00,take_away,Camarero_4,"Cappuccino, Tostado, Latte","2, 3, 2",7800.0
249,2025-06-07,12:00,take_away,Camarero_8,"Agua, Tostado, Café Espresso","1, 2, 1",3900.0
250,2025-06-07,12:00,mesa,Camarero_5,"Agua, Agua, Medialuna","3, 1, 3",3900.0
251,2025-06-07,12:00,take_away,Camarero_3,Medialuna,3,1500.0
252,2025-06-07,12:00,take_away,Camarero_6,"Latte, Agua, Jugo","1, 2, 1",2950.0
253,2025-06-07,12:00,take_away,Camarero_2,"Jugo, Tostado","3, 1",3700.0
254,2025-06-07,12:00,take_away,Camarero_7,"Agua, Jugo","3, 2",3400.0
255,2025-06-07,12:00,mesa,Camarero_2,Agua,3,1800.0
256,2025-06-07,12:00,take_away,Camarero_3,"Medialuna, Cappuccino","3, 3",4500.0
257,2025-06-07,12:00,mesa,Camarero_3,"Tostado, Agua","1, 3",3100.0
258,2025-06-07,12:00,take_away,Camarero_4,Latte,3,2850.0
259,2025-06-07,12:00,take_away,Camarero_3,"Agua, Jugo, Latte","3, 3, 2",6100.0
260,2025-06-07,12:00,take_away,Camarero_6,"Tostado, Tostado, Latte","3, 1, 1",6150.0
261,2025-06-07,12:00,mesa,Camarero_5,Café Espresso,3,2100.0
262,2025-06-07,12:00,mesa,Camarero_5,"Cappuccino, Medialuna, Tostado","3, 3, 2",7100.0
263,2025-06-07,16:00,mesa,Camarero_8,"Cappuccino, Tostado, Medialuna","1, 2, 2",4600.0
264,2025-06-07,16:00,take_away,Camarero_6,Cappuccino,1,1000.0
265,2025-06-07,16:00,take_away,Camarero_2,"Agua, Cappuccino, Cappuccino","2, 3, 3",7200.0
266,2025-06-07,16:00,take_away,Camarero_8,Tostado,2,2600.0
267,2025-06-07,16:00,mesa,Camarero_7,Café Espresso,2,1400.0
268,2025-06-07,16:00,take_away,Camarero_6,Agua,1,600.0
269,2025-06-07,16:00,take_away,Camarero_8,Jugo,2,1600.0
270,2025-06-07,16:00,take_away,Camarero_8,"Tostado, Café Espresso","2, 3",4700.0
271,2025-06-07,16:00,mesa,Camarero_1,Medialuna,1,500.0
272,2025-06-07,16:00,take_away,Camarero_5,"Medialuna, Jugo","3, 2",3100.0
273,2025-06-07,16:00,mesa,Camarero_6,Tostado,2,2600.0
274,2025-06-07,16:00,take_away,Camarero_6,"Café Espresso, Café Espresso","3, 1",2800.0
275,2025-06-07,20:00,take_away,Camarero_5,Cappuccino,2,2000.0
276,2025-06-07,20:00,mesa,Camarero_6,Agua,2,1200.0
277,2025-06-07,20:00,take_away,Camarero_1,"Agua, Jugo, Latte","3, 2, 3",6250.0
278,2025-06-07,20:00,mesa,Camarero_8,Café Espresso,2,1400.0
279,2025-06-07,20:00,take_away,Camarero_3,Medialuna,3,1500.0
280,2025-06-07,20:00,take_away,Camarero_8,"Cappuccino, Cappuccino, Medialuna","2, 3, 2",6000.0
281,2025-06-07,20:00,take_away,Camarero_7,"Jugo, Cappuccino","3, 1",3400.0
282,2025-06-07,20:00,take_away,Camarero_4,"Agua, Medialuna, Medialuna","2, 3, 3",4200.0
283,2025-06-07,20:00,mesa,Camarero_4,"Tostado, Tostado, Jugo","2, 1, 3",6300.0
284,2025-06-07,20:00,mesa,Camarero_7,"Agua, Café Espresso, Café Espresso","2, 2, 1",3300.0
285,2025-06-07,20:00,mesa,Camarero_1,"Tostado, Medialuna","2, 3",4100.0
286,2025-06-07,20:00,mesa,Camarero_3,"Latte, Cappuccino, Medialuna","3, 2, 2",5850.0
287,2025-06-07,20:00,take_away,Camarero_5,"Cappuccino, Cappuccino, Jugo","3, 3, 3",8400.0
288,2025-06-08,08:00,take_away,Camarero_5,Agua,2,1200.0
289,2025-06-08,08:00,mesa,Camarero_8,"Jugo, Medialuna","3, 3",3900.0
290,2025-06-08,08:00,take_away,Camarero_5,"Cappuccino, Agua","3, 2",4200.0
291,2025-06-08,08:00,mesa,Camarero_1,"Medialuna, Cappuccino, Agua","2, 1, 2",3200.0
292,2025-06-08,08:00,take_away,Camarero_4,"Café Espresso, Agua, Medialuna","3, 2, 1",3800.0
293,2025-06-08,08:00,take_away,Camarero_1,"Medialuna, Café Espresso, Medialuna","3, 1, 1",2700.0
294,2025-06-08,08:00,mesa,Camarero_3,"Latte, Café Espresso, Cappuccino","2, 1, 3",5600.0
295,2025-06-08,08:00,mesa,Camarero_4,"Agua, Latte, Medialuna","2, 2, 3",4600.0
296,2025-06-08,08:00,take_away,Camarero_4,"Latte, Café Espresso","1, 3",3050.0
297,2025-06-08,08:00,mesa,Camarero_1,Cappuccino,1,1000.0
298,2025-06-08,08:00,take_away,Camarero_1,"Latte, Jugo","2, 1",2700.0
299,2025-06-08,08:00,take_away,Camarero_8,"Medialuna, Agua, Cappuccino","2, 3, 3",5800.0
300,2025-06-08,08:00,mesa,Camarero_5,"Tostado, Latte, Café Espresso","1, 3, 2",5550.0
301,2025-06-08,08:00,mesa,Camarero_4,Jugo,2,1600.0
302,2025-06-08,12:00,take_away,Camarero_3,"Tostado, Café Espresso","3, 1",4600.0
303,2025-06-08,12:00,mesa,Camarero_4,"Cappuccino, Latte","2, 2",3900.0
304,2025-06-08,12:00,take_away,Camarero_1,"Agua, Cappuccino","3, 3",4800.0
305,2025-06-08,12:00,take_away,Camarero_7,"Cappuccino, Latte, Medialuna","2, 2, 1",4400.0
306,2025-06-08,12:00,take_away,Camarero_3,"Café Espresso, Agua, Cappuccino","3, 1, 1",3700.0
307,2025-06-08,12:00,take_away,Camarero_6,Tostado,3,3900.0
308,2025-06-08,12:00,take_away,Camarero_2,"Tostado, Tostado, Tostado","3, 1, 1",6500.0
309,2025-06-08,16:00,take_away,Camarero_4,"Medialuna, Café Espresso, Tostado","1, 3, 3",6500.0
310,2025-06-08,16:00,mesa,Camarero_8,Cappuccino,3,3000.0
311,2025-06-08,16:00,mesa,Camarero_8,"Latte, Medialuna, Café Espresso","3, 2, 1",4550.0
312,2025-06-08,16:00,mesa,Camarero_1,"Cappuccino, Tostado, Tostado","3, 2, 3",9500.0
313,2025-06-08,16:00,take_away,Camarero_1,"Jugo, Jugo","3, 1",3200.0
314,2025-06-08,16:00,take_away,Camarero_8,"Medialuna, Tostado","1, 1",1800.0
315,2025-06-08,16:00,mesa,Camarero_7,"Cappuccino, Jugo","3, 3",5400.0
316,2025-06-08,16:00,take_away,Camarero_2,"Tostado, Agua","2, 2",3800.0
317,2025-06-08,16:00,mesa,Camarero_4,"Agua, Café Espresso, Agua","2, 3, 1",3900.0
318,2025-06-08,16:00,mesa,Camarero_7,Agua,2,1200.0
319,2025-06-08,16:00,take_away,Camarero_3,Latte,2,1900.0
320,2025-06-08,16:00,take_away,Camarero_2,Agua,3,1800.0
321,2025-06-08,16:00,mesa,Camarero_2,"Cappuccino, Jugo, Agua","1, 1, 1",2400.0
322,2025-06-08,20:00,mesa,Camarero_1,"Medialuna, Medialuna","1, 1",1000.0
323,2025-06-08,20:00,take_away,Camarero_5,"Latte, Latte","1, 1",1900.0
324,2025-06-08,20:00,mesa,Camarero_3,"Medialuna, Medialuna, Jugo","2, 1, 2",3100.0
325,2025-06-08,20:00,mesa,Camarero_3,"Cappuccino, Café Espresso","3, 3",5100.0
326,2025-06-08,20:00,take_away,Camarero_6,"Tostado, Agua, Agua","3, 2, 3",6900.0
327,2025-06-08,20:00,take_away,Camarero_4,"Latte, Cappuccino","3, 2",4850.0
328,2025-06-09,08:00,take_away,Camarero_3,"Latte, Tostado, Café Espresso","2, 2, 3",6600.0
329,2025-06-09,08:00,take_away,Camarero_2,Latte,2,1900.0
330,2025-06-09,08:00,take_away,Camarero_5,"Café Espresso, Jugo","1, 1",1500.0
331,2025-06-09,08:00,take_away,Camarero_4,"Medialuna, Café Espresso, Café Espresso","3, 3, 3",5700.0
332,2025-06-09,08:00,take_away,Camarero_5,Agua,2,1200.0
333,2025-06-09,08:00,mesa,Camarero_2,Agua,3,1800.0
334,2025-06-09,08:00,take_away,Camarero_4,Medialuna,3,1500.0
335,2025-06-09,08:00,take_away,Camarero_7,Tostado,2,2600.0
336,2025-06-09,12:00,take_away,Camarero_2,"Latte, Tostado","2, 2",4500.0
337,2025-06-09,12:00,take_away,Camarero_4,"Agua, Cappuccino","2, 1",2200.0
338,2025-06-09,12:00,mesa,Camarero_7,Latte,3,2850.0
339,2025-06-09,12:00,take_away,Camarero_7,Latte,1,950.0
340,2025-06-09,12:00,mesa,Camarero_8,"Tostado, Agua","2, 2",3800.0
341,2025-06-09,12:00,take_away,Camarero_8,"Latte, Jugo","1, 1",1750.0
342,2025-06-09,12:00,mesa,Camarero_1,"Agua, Agua, Tostado","1, 3, 1",3700.0
343,2025-06-09,12:00,take_away,Camarero_2,Jugo,1,800.0
344,2025-06-09,12:00,mesa,Camarero_6,Latte,2,1900.0
345,2025-06-09,12:00,mesa,Camarero_1,"Medialuna, Agua, Agua","3, 2, 1",3300.0
346,2025-06-09,12:00,take_away,Camarero_5,Café Espresso,3,2100.0
347,2025-06-09,12:00,take_away,Camarero_7,Tostado,3,3900.0
348,2025-06-09,16:00,mesa,Camarero_4,Tostado,1,1300.0
349,2025-06-09,16:00,take_away,Camarero_8,"Latte, Cappuccino","2, 2",3900.0
350,2025-06-09,16:00,mesa,Camarero_2,"Latte, Medialuna, Jugo","3, 3, 1",5150.0
351,2025-06-09,16:00,take_away,Camarero_3,"Cappuccino, Tostado","3, 1",4300.0
352,2025-06-09,16:00,mesa,Camarero_2,"Jugo, Medialuna","2, 3",3100.0
353,2025-06-09,16:00,mesa,Camarero_8,Latte,3,2850.0
354,2025-06-09,16:00,take_away,Camarero_5,Agua,3,1800.0
355,2025-06-09,20:00,mesa,Camarero_1,Agua,2,1200.0
356,2025-06-09,20:00,mesa,Camarero_4,"Latte, Jugo, Jugo","1, 2, 1",3350.0
357,2025-06-09,20:00,take_away,Camarero_2,"Agua, Cappuccino, Jugo","1, 3, 3",6000.0
358,2025-06-09,20:00,take_away,Camarero_2,Café Espresso,1,700.0
359,2025-06-09,20:00,take_away,Camarero_5,"Jugo, Agua, Cappuccino","2, 1, 3",5200.0
360,2025-06-09,20:00,take_away,Camarero_3,"Latte, Tostado","2, 2",4500.0
361,2025-06-09,20:00,take_away,Camarero_4,Jugo,2,1600.0
362,2025-06-09,20:00,mesa,Camarero_3,Latte,2,1900.0
363,2025-06-09,20:00,take_away,Camarero_6,"Cappuccino, Café Espresso","2, 2",3400.0
364,2025-06-09,20:00,take_away,Camarero_7,Café Espresso,1,700.0
365,2025-06-09,20:00,take_away,Camarero_6,"Tostado, Cappuccino, Café Espresso","2, 3, 1",6300.0
366,2025-06-09,20:00,take_away,Camarero_2,Cappuccino,2,2000.0
367,2025-06-09,20:00,mesa,Camarero_8,"Tostado, Medialuna, Latte","2, 2, 2",5500.0
368,2025-06-10,08:00,mesa,Camarero_5,Tostado,2,2600.0
369,2025-06-10,08:00,take_away,Camarero_8,Cappuccino,1,1000.0
370,2025-06-10,08:00,mesa,Camarero_7,"Café Espresso, Cappuccino","2, 2",3400.0
371,2025-06-10,08:00,take_away,Camarero_3,"Cappuccino, Jugo","3, 3",5400.0
372,2025-06-10,08:00,take_away,Camarero_3,"Medialuna, Medialuna","2, 2",2000.0
373,2025-06-10,08:00,take_away,Camarero_4,"Cappuccino, Medialuna","2, 3",3500.0
374,2025-06-10,08:00,take_away,Camarero_4,"Latte, Jugo","2, 1",2700.0
375,2025-06-10,12:00,mesa,Camarero_5,"Jugo, Café Espresso, Jugo","3, 1, 2",4700.0
376,2025-06-10,12:00,mesa,Camarero_5,"Medialuna, Café Espresso","2, 1",1700.0
377,2025-06-10,12:00,mesa,Camarero_7,"Cappuccino, Cappuccino, Tostado","3, 2, 3",8900.0
378,2025-06-10,12:00,take_away,Camarero_2,"Café Espresso, Agua, Medialuna","3, 3, 3",5400.0
379,2025-06-10,12:00,mesa,Camarero_3,Medialuna,2,1000.0
380,2025-06-10,12:00,mesa,Camarero_1,"Agua, Medialuna, Cappuccino","2, 2, 1",3200.0
381,2025-06-10,12:00,mesa,Camarero_4,"Latte, Jugo","3, 3",5250.0
382,2025-06-10,12:00,take_away,Camarero_3,"Cappuccino, Jugo","3, 3",5400.0
383,2025-06-10,12:00,take_away,Camarero_7,Tostado,2,2600.0
384,2025-06-10,12:00,mesa,Camarero_3,Jugo,3,2400.0
385,2025-06-10,12:00,take_away,Camarero_6,"Cappuccino, Jugo","3, 2",4600.0
386,2025-06-10,12:00,take_away,Camarero_8,Tostado,3,3900.0
387,2025-06-10,12:00,take_away,Camarero_2,Cappuccino,3,3000.0
388,2025-06-10,12:00,mesa,Camarero_4,"Medialuna, Medialuna","1, 3",2000.0
389,2025-06-10,16:00,mesa,Camarero_3,"Latte, Tostado, Agua","1, 2, 3",5350.0
390,2025-06-10,16:00,mesa,Camarero_7,"Medialuna, Cappuccino, Jugo","1, 2, 3",4900.0
391,2025-06-10,16:00,take_away,Camarero_5,Medialuna,1,500.0
392,2025-06-10,16:00,mesa,Camarero_2,"Café Espresso, Agua, Latte","2, 1, 2",3900.0
393,2025-06-10,16:00,take_away,Camarero_7,"Agua, Tostado, Medialuna","3, 2, 3",5900.0
394,2025-06-10,16:00,mesa,Camarero_5,"Cappuccino, Tostado","1, 3",4900.0
395,2025-06-10,16:00,mesa,Camarero_3,"Café Espresso, Café Espresso, Cappuccino","1, 2, 3",5100.0
396,2025-06-10,16:00,take_away,Camarero_8,"Medialuna, Medialuna","2, 1",1500.0
397,2025-06-10,16:00,mesa,Camarero_6,"Latte, Cappuccino, Latte","2, 3, 1",5850.0
398,2025-06-10,16:00,mesa,Camarero_8,"Café Espresso, Jugo","3, 3",4500.0
399,2025-06-10,16:00,take_away,Camarero_1,"Tostado, Medialuna, Tostado","1, 1, 3",5700.0
400,2025-06-10,16:00,mesa,Camarero_8,"Café Espresso, Latte","2, 1",2350.0
401,2025-06-10,16:00,take_away,Camarero_1,"Tostado, Medialuna, Latte","3, 2, 3",7750.0
402,2025-06-10,20:00,mesa,Camarero_1,"Café Espresso, Jugo","1, 2",2300.0
403,2025-06-10,20:00,take_away,Camarero_4,"Cappuccino, Jugo","2, 1",2800.0
404,2025-06-10,20:00,mesa,Camarero_3,"Medialuna, Cappuccino, Medialuna","3, 2, 1",4000.0
405,2025-06-10,20:00,mesa,Camarero_6,Jugo,3,2400.0
406,2025-06-10,20:00,take_away,Camarero_2,"Tostado, Cappuccino, Medialuna","2, 3, 2",6600.0
407,2025-06-10,20:00,mesa,Camarero_3,"Agua, Agua","3, 1",2400.0
408,2025-06-10,20:00,mesa,Camarero_7,Medialuna,1,500.0
409,2025-06-10,20:00,take_away,Camarero_7,Medialuna,2,1000.0
410,2025-06-10,20:00,take_away,Camarero_5,"Café Espresso, Jugo","1, 2",2300.0
411,2025-06-10,20:00,take_away,Camarero_2,"Agua, Cappuccino","1, 3",3600.0
412,2025-06-10,20:00,take_away,Camarero_7,"Medialuna, Cappuccino, Café Espresso","3, 2, 1",4200.0
413,2025-06-10,20:00,mesa,Camarero_3,"Latte, Jugo","2, 3",4300.0
414,2025-06-11,08:00,take_away,Camarero_8,"Agua, Jugo","1, 1",1400.0
415,2025-06-11,08:00,mesa,Camarero_8,Agua,1,600.0
416,2025-06-11,08:00,take_away,Camarero_4,Agua,2,1200.0
417,2025-06-11,08:00,mesa,Camarero_5,"Cappuccino, Agua, Agua","1, 3, 2",4000.0
418,2025-06-11,08:00,mesa,Camarero_5,"Medialuna, Medialuna","1, 2",1500.0
419,2025-06-11,08:00,mesa,Camarero_8,"Medialuna, Medialuna","1, 1",1000.0
420,2025-06-11,08:00,mesa,Camarero_8,Medialuna,3,1500.0
421,2025-06-11,08:00,mesa,Camarero_7,Medialuna,1,500.0
422,2025-06-11,08:00,mesa,Camarero_2,"Café Espresso, Cappuccino","3, 1",3100.0
423,2025-06-11,08:00,take_away,Camarero_3,"Agua, Café Espresso","1, 3",2700.0
424,2025-06-11,08:00,mesa,Camarero_3,"Tostado, Medialuna, Latte","2, 3, 1",5050.0
425,2025-06-11,08:00,take_away,Camarero_7,"Medialuna, Agua, Café Espresso","1, 1, 1",1800.0
426,2025-06-11,08:00,take_away,Camarero_2,"Cappuccino, Café Espresso","2, 3",4100.0
427,2025-06-11,08:00,mesa,Camarero_5,"Medialuna, Jugo, Latte","3, 1, 3",5150.0
428,2025-06-11,12:00,mesa,Camarero_2,"Cappuccino, Medialuna, Jugo","1, 2, 2",3600.0
429,2025-06-11,12:00,mesa,Camarero_6,"Medialuna, Café Espresso","1, 2",1900.0
430,2025-06-11,12:00,mesa,Camarero_3,"Agua, Tostado","2, 3",5100.0
431,2025-06-11,12:00,take_away,Camarero_1,Café Espresso,1,700.0
432,2025-06-11,12:00,take_away,Camarero_7,Café Espresso,1,700.0
433,2025-06-11,12:00,take_away,Camarero_3,"Medialuna, Jugo, Cappuccino","2, 1, 3",4800.0
434,2025-06-11,12:00,take_away,Camarero_4,Cappuccino,3,3000.0
435,2025-06-11,12:00,mesa,Camarero_2,"Cappuccino, Medialuna, Jugo","3, 3, 3",6900.0
436,2025-06-11,16:00,take_away,Camarero_1,"Agua, Latte, Latte","2, 1, 2",4050.0
437,2025-06-11,16:00,take_away,Camarero_1,"Jugo, Jugo, Café Espresso","3, 1, 3",5300.0
438,2025-06-11,16:00,mesa,Camarero_3,"Agua, Tostado","3, 2",4400.0
439,2025-06-11,16:00,take_away,Camarero_2,Jugo,2,1600.0
440,2025-06-11,16:00,mesa,Camarero_2,"Jugo, Latte","1, 2",2700.0
441,2025-06-11,16:00,take_away,Camarero_6,"Tostado, Café Espresso","3, 1",4600.0
442,2025-06-11,16:00,mesa,Camarero_2,"Jugo, Agua","3, 3",4200.0
443,2025-06-11,16:00,mesa,Camarero_6,"Tostado, Café Espresso, Agua","1, 1, 2",3200.0
444,2025-06-11,16:00,take_away,Camarero_7,Latte,1,950.0
445,2025-06-11,20:00,take_away,Camarero_6,Cappuccino,3,3000.0
446,2025-06-11,20:00,take_away,Camarero_1,Medialuna,1,500.0
447,2025-06-11,20:00,mesa,Camarero_7,Jugo,1,800.0
448,2025-06-11,20:00,mesa,Camarero_2,"Agua, Jugo","2, 2",2800.0
449,2025-06-11,20:00,take_away,Camarero_5,Cappuccino,2,2000.0
450,2025-06-11,20:00,mesa,Camarero_4,"Cappuccino, Agua","1, 3",2800.0
451,2025-06-11,20:00,mesa,Camarero_4,Agua,1,600.0
452,2025-06-11,20:00,take_away,Camarero_5,"Jugo, Agua, Agua","1, 3, 2",3800.0
453,2025-06-12,08:00,mesa,Camarero_2,"Agua, Cappuccino, Agua","1, 3, 2",4800.0
454,2025-06-12,08:00,mesa,Camarero_7,Agua,3,1800.0
455,2025-06-12,08:00,take_away,Camarero_3,"Agua, Café Espresso","1, 3",2700.0
456,2025-06-12,08:00,take_away,Camarero_7,Medialuna,1,500.0
457,2025-06-12,08:00,mesa,Camarero_7,Cappuccino,2,2000.0
458,2025-06-12,08:00,take_away,Camarero_2,"Tostado, Latte","1, 1",2250.0
459,2025-06-12,12:00,mesa,Camarero_7,Tostado,2,2600.0
460,2025-06-12,12:00,mesa,Camarero_2,"Cappuccino, Jugo, Tostado","2, 2, 1",4900.0
461,2025-06-12,12:00,mesa,Camarero_2,"Cappuccino, Medialuna, Medialuna","1, 2, 1",2500.0
462,2025-06-12,12:00,mesa,Camarero_3,"Cappuccino, Café Espresso","2, 2",3400.0
463,2025-06-12,12:00,mesa,Camarero_2,"Jugo, Tostado","3, 1",3700.0
464,2025-06-12,12:00,take_away,Camarero_2,Jugo,1,800.0
465,2025-06-12,12:00,mesa,Camarero_3,Jugo,1,800.0
466,2025-06-12,16:00,take_away,Camarero_5,"Medialuna, Agua","1, 3",2300.0
467,2025-06-12,16:00,mesa,Camarero_8,Agua,1,600.0
468,2025-06-12,16:00,mesa,Camarero_2,Agua,2,1200.0
469,2025-06-12,16:00,mesa,Camarero_7,"Café Espresso, Agua","2, 3",3200.0
470,2025-06-12,16:00,take_away,Camarero_3,Cappuccino,2,2000.0
471,2025-06-12,16:00,take_away,Camarero_5,Agua,2,1200.0
472,2025-06-12,16:00,take_away,Camarero_4,Café Espresso,3,2100.0
473,2025-06-12,16:00,take_away,Camarero_5,"Cappuccino, Tostado","1, 1",2300.0
474,2025-06-12,20:00,mesa,Camarero_1,"Latte, Agua","3, 1",3450.0
475,2025-06-12,20:00,take_away,Camarero_7,"Cappuccino, Tostado, Tostado","3, 3, 2",9500.0
476,2025-06-12,20:00,take_away,Camarero_4,Café Espresso,3,2100.0
477,2025-06-12,20:00,mesa,Camarero_4,"Café Espresso, Agua","3, 2",3300.0
478,2025-06-12,20:00,mesa,Camarero_5,Latte,1,950.0
479,2025-06-12,20:00,mesa,Camarero_6,Medialuna,2,1000.0
480,2025-06-12,20:00,mesa,Camarero_6,Latte,2,1900.0
481,2025-06-12,20:00,mesa,Camarero_5,"Medialuna, Agua, Tostado","3, 1, 2",4700.0
482,2025-06-12,20:00,mesa,Camarero_1,"Café Espresso, Café Espresso","3, 1",2800.0
483,2025-06-12,20:00,take_away,Camarero_4,Cappuccino,3,3000.0
484,2025-06-12,20:00,mesa,Camarero_1,"Jugo, Agua","2, 1",2200.0
485,2025-06-13,08:00,mesa,Camarero_2,Jugo,2,1600.0
486,2025-06-13,08:00,take_away,Camarero_3,"Agua, Cappuccino, Café Espresso","2, 2, 1",3900.0
487,2025-06-13,08:00,take_away,Camarero_6,"Agua, Medialuna, Latte","3, 3, 3",6150.0
488,2025-06-13,08:00,mesa,Camarero_3,"Medialuna, Latte, Cappuccino","3, 2, 1",4400.0
489,2025-06-13,08:00,mesa,Camarero_6,"Agua, Cappuccino, Agua","3, 1, 1",3400.0
490,2025-06-13,08:00,mesa,Camarero_6,"Tostado, Agua, Café Espresso","3, 1, 1",5200.0
491,2025-06-13,08:00,take_away,Camarero_6,Medialuna,1,500.0
492,2025-06-13,12:00,mesa,Camarero_2,"Latte, Medialuna","2, 2",2900.0
493,2025-06-13,12:00,mesa,Camarero_7,Cappuccino,3,3000.0
494,2025-06-13,12:00,mesa,Camarero_2,"Tostado, Cappuccino","3, 2",5900.0
495,2025-06-13,12:00,take_away,Camarero_1,"Medialuna, Medialuna, Latte","1, 1, 2",2900.0
496,2025-06-13,12:00,take_away,Camarero_3,"Agua, Café Espresso","1, 2",2000.0
497,2025-06-13,12:00,mesa,Camarero_1,"Agua, Agua, Cappuccino","3, 2, 3",6000.0
498,2025-06-13,12:00,take_away,Camarero_4,"Latte, Agua, Latte","1, 2, 1",3100.0
499,2025-06-13,12:00,take_away,Camarero_4,"Tostado, Agua, Tostado","3, 2, 2",7700.0
500,2025-06-13,12:00,mesa,Camarero_8,Cappuccino,3,3000.0
501,2025-06-13,12:00,mesa,Camarero_2,Cappuccino,2,2000.0
502,2025-06-13,12:00,take_away,Camarero_5,"Medialuna, Tostado, Café Espresso","1, 1, 3",3900.0
503,2025-06-13,12:00,mesa,Camarero_8,"Jugo, Cappuccino","2, 2",3600.0
504,2025-06-13,16:00,take_away,Camarero_3,Medialuna,2,1000.0
505,2025-06-13,16:00,take_away,Camarero_8,"Cappuccino, Tostado","2, 2",4600.0
506,2025-06-13,16:00,take_away,Camarero_1,Jugo,3,2400.0
507,2025-06-13,16:00,mesa,Camarero_4,"Medialuna, Café Espresso, Cappuccino","3, 2, 3",5900.0
508,2025-06-13,16:00,mesa,Camarero_8,"Jugo, Cappuccino","3, 3",5400.0
509,2025-06-13,16:00,mesa,Camarero_3,"Cappuccino, Cappuccino","3, 1",4000.0
510,2025-06-13,16:00,mesa,Camarero_3,"Latte, Agua","1, 1",1550.0
511,2025-06-13,16:00,mesa,Camarero_3,"Café Espresso, Medialuna","1, 3",2200.0
512,2025-06-13,16:00,take_away,Camarero_7,"Agua, Agua","1, 1",1200.0
513,2025-06-13,16:00,take_away,Camarero_7,"Cappuccino, Latte, Tostado","1, 3, 3",7750.0
514,2025-06-13,16:00,mesa,Camarero_2,"Latte, Tostado","3, 1",4150.0
515,2025-06-13,16:00,mesa,Camarero_7,"Agua, Agua","2, 2",2400.0
516,2025-06-13,16:00,take_away,Camarero_7,"Medialuna, Café Espresso, Latte","1, 3, 3",5450.0
517,2025-06-13,16:00,mesa,Camarero_8,"Agua, Cappuccino","1, 1",1600.0
518,2025-06-13,16:00,take_away,Camarero_5,"Café Espresso, Jugo","2, 2",3000.0
519,2025-06-13,20:00,mesa,Camarero_8,Café Espresso,3,2100.0
520,2025-06-13,20:00,take_away,Camarero_8,"Jugo, Medialuna","1, 1",1300.0
521,2025-06-13,20:00,mesa,Camarero_3,"Jugo, Jugo","2, 1",2400.0
522,2025-06-13,20:00,mesa,Camarero_1,"Medialuna, Cappuccino","3, 3",4500.0
523,2025-06-13,20:00,mesa,Camarero_1,Agua,1,600.0
524,2025-06-13,20:00,mesa,Camarero_4,Tostado,2,2600.0
525,2025-06-13,20:00,take_away,Camarero_1,"Jugo, Tostado","3, 1",3700.0
526,2025-06-13,20:00,mesa,Camarero_6,"Tostado, Tostado","2, 3",6500.0
527,2025-06-13,20:00,take_away,Camarero_2,Jugo,2,1600.0
528,2025-06-13,20:00,take_away,Camarero_4,Cappuccino,1,1000.0
529,2025-06-13,20:00,mesa,Camarero_1,"Latte, Latte, Medialuna","3, 1, 3",5300.0
530,2025-06-13,20:00,take_away,Camarero_1,Medialuna,3,1500.0
531,2025-06-14,08:00,take_away,Camarero_7,"Jugo, Cappuccino, Agua","3, 2, 2",5600.0
532,2025-06-14,08:00,take_away,Camarero_7,"Latte, Tostado","3, 3",6750.0
533,2025-06-14,08:00,mesa,Camarero_6,Tostado,3,3900.0
534,2025-06-14,08:00,take_away,Camarero_6,"Medialuna, Tostado","2, 2",3600.0
535,2025-06-14,08:00,take_away,Camarero_4,"Medialuna, Agua","3, 2",2700.0
536,2025-06-14,08:00,mesa,Camarero_6,"Jugo, Agua, Jugo","3, 2, 3",6000.0
537,2025-06-14,08:00,mesa,Camarero_1,"Café Espresso, Tostado, Cappuccino","2, 2, 2",6000.0
538,2025-06-14,08:00,mesa,Camarero_8,"Jugo, Latte","3, 3",5250.0
539,2025-06-14,12:00,take_away,Camarero_2,"Cappuccino, Latte, Medialuna","3, 1, 2",4950.0
540,2025-06-14,12:00,take_away,Camarero_3,Jugo,3,2400.0
541,2025-06-14,12:00,take_away,Camarero_6,"Café Espresso, Cappuccino, Jugo","2, 2, 2",5000.0
542,2025-06-14,12:00,take_away,Camarero_2,"Cappuccino, Jugo, Tostado","3, 3, 3",9300.0
543,2025-06-14,12:00,take_away,Camarero_7,Tostado,3,3900.0
544,2025-06-14,12:00,take_away,Camarero_6,"Café Espresso, Jugo","1, 1",1500.0
545,2025-06-14,12:00,take_away,Camarero_8,"Agua, Agua, Latte","3, 1, 1",3350.0
546,2025-06-14,12:00,take_away,Camarero_3,"Agua, Cappuccino, Café Espresso","2, 2, 1",3900.0
547,2025-06-14,12:00,mesa,Camarero_7,"Jugo, Jugo","1, 3",3200.0
548,2025-06-14,12:00,take_away,Camarero_4,"Tostado, Tostado","1, 1",2600.0
549,2025-06-14,12:00,take_away,Camarero_4,Agua,3,1800.0
550,2025-06-14,12:00,mesa,Camarero_2,"Café Espresso, Jugo, Latte","2, 2, 1",3950.0
551,2025-06-14,12:00,take_away,Camarero_6,"Medialuna, Latte, Jugo","2, 2, 2",4500.0
552,2025-06-14,12:00,take_away,Camarero_7,"Agua, Cappuccino, Agua","2, 1, 1",2800.0
553,2025-06-14,12:00,mesa,Camarero_4,Latte,1,950.0
554,2025-06-14,16:00,mesa,Camarero_1,Cappuccino,3,3000.0
555,2025-06-14,16:00,take_away,Camarero_1,"Latte, Tostado, Café Espresso","1, 3, 1",5550.0
556,2025-06-14,16:00,mesa,Camarero_3,"Café Espresso, Tostado, Café Espresso","2, 2, 3",6100.0
557,2025-06-14,16:00,mesa,Camarero_5,"Medialuna, Café Espresso, Cappuccino","1, 3, 3",5600.0
558,2025-06-14,16:00,mesa,Camarero_2,"Jugo, Café Espresso","3, 3",4500.0
559,2025-06-14,20:00,mesa,Camarero_4,Tostado,3,3900.0
560,2025-06-14,20:00,take_away,Camarero_8,"Agua, Cappuccino, Cappuccino","1, 1, 3",4600.0
561,2025-06-14,20:00,mesa,Camarero_8,"Agua, Cappuccino, Café Espresso","3, 1, 1",3500.0
562,2025-06-14,20:00,mesa,Camarero_2,Jugo,1,800.0
563,2025-06-14,20:00,take_away,Camarero_3,"Latte, Agua, Cappuccino","2, 1, 1",3500.0
564,2025-06-14,20:00,mesa,Camarero_2,"Cappuccino, Medialuna","2, 3",3500.0
565,2025-06-14,20:00,mesa,Camarero_3,Café Espresso,1,700.0
566,2025-06-14,20:00,take_away,Camarero_2,"Agua, Agua","2, 3",3000.0
567,2025-06-14,20:00,take_away,Camarero_7,"Latte, Cappuccino","2, 2",3900.0
568,2025-06-15,08:00,take_away,Camarero_2,"Agua, Latte, Café Espresso","3, 1, 1",3450.0
569,2025-06-15,08:00,take_away,Camarero_1,"Tostado, Tostado, Tostado","3, 2, 2",9100.0
570,2025-06-15,08:00,mesa,Camarero_1,"Agua, Café Espresso","2, 2",2600.0
571,2025-06-15,08:00,mesa,Camarero_4,"Medialuna, Café Espresso","3, 3",3600.0
572,2025-06-15,08:00,take_away,Camarero_8,"Tostado, Medialuna, Café Espresso","3, 3, 1",6100.0
573,2025-06-15,08:00,take_away,Camarero_1,"Medialuna, Cappuccino, Jugo","3, 3, 1",5300.0
574,2025-06-15,08:00,mesa,Camarero_4,"Jugo, Jugo, Agua","1, 2, 2",3600.0
575,2025-06-15,08:00,take_away,Camarero_7,"Café Espresso, Latte","3, 2",4000.0
576,2025-06-15,08:00,mesa,Camarero_8,Tostado,3,3900.0
577,2025-06-15,08:00,mesa,Camarero_1,"Tostado, Café Espresso","2, 3",4700.0
578,2025-06-15,08:00,mesa,Camarero_5,"Cappuccino, Tostado","1, 1",2300.0
579,2025-06-15,08:00,mesa,Camarero_6,"Medialuna, Agua, Cappuccino","1, 1, 2",3100.0
580,2025-06-15,12:00,take_away,Camarero_6,"Medialuna, Jugo, Café Espresso","3, 1, 1",3000.0
581,2025-06-15,12:00,take_away,Camarero_3,"Agua, Cappuccino, Tostado","3, 1, 1",4100.0
582,2025-06-15,12:00,take_away,Camarero_7,Jugo,3,2400.0
583,2025-06-15,12:00,mesa,Camarero_8,"Medialuna, Latte","2, 1",1950.0
584,2025-06-15,12:00,mesa,Camarero_2,"Cappuccino, Jugo, Café Espresso","3, 3, 3",7500.0
585,2025-06-15,12:00,take_away,Camarero_1,"Medialuna, Agua","1, 2",1700.0
586,2025-06-15,12:00,mesa,Camarero_3,"Agua, Jugo, Tostado","3, 1, 3",6500.0
587,2025-06-15,12:00,mesa,Camarero_6,Cappuccino,3,3000.0
588,2025-06-15,12:00,take_away,Camarero_7,"Agua, Agua","1, 2",1800.0
589,2025-06-15,12:00,take_away,Camarero_5,"Tostado, Café Espresso","2, 3",4700.0
590,2025-06-15,12:00,take_away,Camarero_5,"Jugo, Tostado, Latte","1, 3, 3",7550.0
591,2025-06-15,12:00,take_away,Camarero_6,"Café Espresso, Medialuna, Agua","1, 3, 3",4000.0
592,2025-06-15,12:00,mesa,Camarero_7,"Tostado, Medialuna","3, 3",5400.0
593,2025-06-15,16:00,take_away,Camarero_3,"Jugo, Tostado","1, 2",3400.0
594,2025-06-15,16:00,mesa,Camarero_3,"Café Espresso, Latte, Jugo","2, 3, 2",5850.0
595,2025-06-15,16:00,mesa,Camarero_4,"Jugo, Latte, Tostado","2, 2, 1",4800.0
596,2025-06-15,16:00,take_away,Camarero_5,Tostado,3,3900.0
597,2025-06-15,16:00,mesa,Camarero_1,"Cappuccino, Agua","3, 2",4200.0
598,2025-06-15,16:00,mesa,Camarero_6,"Latte, Medialuna, Jugo","2, 1, 3",4800.0
599,2025-06-15,16:00,mesa,Camarero_3,"Agua, Cappuccino, Latte","3, 1, 1",3750.0
600,2025-06-15,16:00,mesa,Camarero_3,"Café Espresso, Latte","2, 1",2350.0
601,2025-06-15,16:00,take_away,Camarero_3,Cappuccino,3,3000.0
602,2025-06-15,16:00,mesa,Camarero_1,Agua,3,1800.0
603,2025-06-15,16:00,take_away,Camarero_6,"Jugo, Tostado","1, 3",4700.0
604,2025-06-15,16:00,mesa,Camarero_3,Tostado,3,3900.0
605,2025-06-15,16:00,take_away,Camarero_6,"Tostado, Café Espresso, Latte","1, 3, 2",5300.0
606,2025-06-15,16:00,take_away,Camarero_1,"Latte, Jugo","3, 2",4450.0
607,2025-06-15,16:00,mesa,Camarero_6,"Cappuccino, Latte, Medialuna","3, 1, 1",4450.0
608,2025-06-15,20:00,mesa,Camarero_6,"Latte, Jugo","1, 3",3350.0
609,2025-06-15,20:00,take_away,Camarero_2,"Café Espresso, Agua","1, 2",1900.0
610,2025-06-15,20:00,mesa,Camarero_1,Agua,3,1800.0
611,2025-06-15,20:00,mesa,Camarero_7,Medialuna,1,500.0
612,2025-06-15,20:00,mesa,Camarero_7,Tostado,3,3900.0
613,2025-06-15,20:00,mesa,Camarero_1,"Medialuna, Café Espresso, Jugo","1, 1, 1",2000.0
614,2025-06-15,20:00,mesa,Camarero_7,"Tostado, Medialuna","1, 2",2300.0
615,2025-06-15,20:00,take_away,Camarero_2,"Medialuna, Tostado","1, 2",3100.0
616,2025-06-15,20:00,mesa,Camarero_6,"Jugo, Café Espresso, Jugo","1, 3, 1",3700.0
617,2025-06-15,20:00,mesa,Camarero_8,"Jugo, Cappuccino","1, 2",2800.0
618,2025-06-15,20:00,take_away,Camarero_4,"Jugo, Café Espresso","1, 3",2900.0
619,2025-06-16,08:00,take_away,Camarero_1,"Cappuccino, Medialuna, Cappuccino","3, 3, 2",6500.0
620,2025-06-16,08:00,mesa,Camarero_7,Café Espresso,3,2100.0
621,2025-06-16,08:00,mesa,Camarero_4,"Latte, Jugo","3, 2",4450.0
622,2025-06-16,08:00,take_away,Camarero_2,"Jugo, Café Espresso, Latte","3, 2, 1",4750.0
623,2025-06-16,08:00,mesa,Camarero_2,"Jugo, Jugo, Jugo","3, 2, 3",6400.0
624,2025-06-16,08:00,take_away,Camarero_3,"Café Espresso, Café Espresso, Jugo","2, 2, 2",4400.0
625,2025-06-16,08:00,mesa,Camarero_4,Latte,1,950.0
626,2025-06-16,12:00,take_away,Camarero_3,"Cappuccino, Medialuna","3, 3",4500.0
627,2025-06-16,12:00,take_away,Camarero_4,"Agua, Latte","2, 1",2150.0
628,2025-06-16,12:00,take_away,Camarero_8,"Jugo, Café Espresso","3, 2",3800.0
629,2025-06-16,12:00,take_away,Camarero_3,"Cappuccino, Cappuccino","3, 1",4000.0
630,2025-06-16,12:00,mesa,Camarero_5,"Agua, Café Espresso","3, 1",2500.0
631,2025-06-16,12:00,mesa,Camarero_7,"Café Espresso, Café Espresso, Tostado","1, 3, 3",6700.0
632,2025-06-16,12:00,mesa,Camarero_8,Tostado,3,3900.0
633,2025-06-16,12:00,mesa,Camarero_5,"Cappuccino, Agua","3, 3",4800.0
634,2025-06-16,12:00,mesa,Camarero_1,"Tostado, Café Espresso","2, 3",4700.0
635,2025-06-16,12:00,mesa,Camarero_3,"Medialuna, Jugo, Café Espresso","1, 1, 3",3400.0
636,2025-06-16,16:00,take_away,Camarero_4,Latte,2,1900.0
637,2025-06-16,16:00,mesa,Camarero_6,"Cappuccino, Café Espresso","1, 3",3100.0
638,2025-06-16,16:00,take_away,Camarero_6,"Agua, Agua","1, 3",2400.0
639,2025-06-16,16:00,mesa,Camarero_3,"Agua, Medialuna, Latte","3, 2, 3",5650.0
640,2025-06-16,16:00,take_away,Camarero_7,"Cappuccino, Medialuna, Agua","1, 3, 2",3700.0
641,2025-06-16,16:00,mesa,Camarero_3,"Cappuccino, Jugo, Cappuccino","2, 3, 1",5400.0
642,2025-06-16,16:00,take_away,Camarero_5,Latte,3,2850.0
643,2025-06-16,16:00,mesa,Camarero_2,Latte,2,1900.0
644,2025-06-16,16:00,mesa,Camarero_8,"Jugo, Jugo","2, 3",4000.0
645,2025-06-16,16:00,take_away,Camarero_7,Medialuna,3,1500.0
646,2025-06-16,16:00,mesa,Camarero_3,Café Espresso,3,2100.0
647,2025-06-16,16:00,mesa,Camarero_7,"Tostado, Agua, Latte","1, 2, 1",3450.0
648,2025-06-16,20:00,mesa,Camarero_8,"Jugo, Jugo, Agua","1, 2, 3",4200.0
649,2025-06-16,20:00,take_away,Camarero_3,Latte,2,1900.0
650,2025-06-16,20:00,mesa,Camarero_2,"Medialuna, Latte, Jugo","2, 2, 3",5300.0
651,2025-06-16,20:00,mesa,Camarero_7,"Cappuccino, Café Espresso","1, 3",3100.0
652,2025-06-16,20:00,mesa,Camarero_2,"Café Espresso, Tostado, Medialuna","1, 3, 3",6100.0
653,2025-06-16,20:00,mesa,Camarero_7,"Medialuna, Agua","3, 1",2100.0
654,2025-06-16,20:00,take_away,Camarero_8,"Agua, Medialuna","2, 1",1700.0
655,2025-06-16,20:00,take_away,Camarero_2,"Medialuna, Jugo","3, 3",3900.0
656,2025-06-16,20:00,take_away,Camarero_2,Latte,1,950.0
657,2025-06-16,20:00,take_away,Camarero_2,"Agua, Cappuccino, Latte","3, 3, 1",5750.0
658,2025-06-16,20:00,mesa,Camarero_6,"Medialuna, Medialuna","2, 2",2000.0
659,2025-06-16,20:00,mesa,Camarero_5,Cappuccino,3,3000.0
660,2025-06-16,20:00,take_away,Camarero_7,"Cappuccino, Cappuccino, Latte","3, 2, 1",5950.0
661,2025-06-16,20:00,take_away,Camarero_8,Cappuccino,3,3000.0
662,2025-06-17,08:00,take_away,Camarero_4,"Cappuccino, Medialuna, Jugo","3, 1, 3",5900.0
663,2025-06-17,08:00,take_away,Camarero_1,"Agua, Café Espresso, Tostado","2, 3, 3",7200.0
664,2025-06-17,08:00,mesa,Camarero_8,"Agua, Café Espresso","1, 1",1300.0
665,2025-06-17,08:00,take_away,Camarero_6,Café Espresso,1,700.0
666,2025-06-17,08:00,mesa,Camarero_5,"Café Espresso, Cappuccino, Agua","3, 3, 3",6900.0
667,2025-06-17,08:00,mesa,Camarero_1,Medialuna,2,1000.0
668,2025-06-17,08:00,mesa,Camarero_4,"Agua, Tostado, Latte","3, 3, 3",8550.0
669,2025-06-17,08:00,mesa,Camarero_7,"Café Espresso, Latte, Café Espresso","1, 1, 2",3050.0
670,2025-06-17,08:00,take_away,Camarero_2,"Cappuccino, Medialuna, Tostado","3, 3, 1",5800.0
671,2025-06-17,12:00,take_away,Camarero_4,"Jugo, Agua, Cappuccino","2, 1, 3",5200.0
672,2025-06-17,12:00,take_away,Camarero_2,"Medialuna, Latte","2, 3",3850.0
673,2025-06-17,12:00,mesa,Camarero_5,"Cappuccino, Agua, Jugo","2, 3, 3",6200.0
674,2025-06-17,12:00,take_away,Camarero_8,"Tostado, Jugo","2, 2",4200.0
675,2025-06-17,12:00,mesa,Camarero_4,"Café Espresso, Café Espresso","3, 1",2800.0
676,2025-06-17,12:00,take_away,Camarero_5,"Agua, Tostado","1, 3",4500.0
677,2025-06-17,12:00,mesa,Camarero_3,"Café Espresso, Medialuna","2, 1",1900.0
678,2025-06-17,12:00,take_away,Camarero_4,"Cappuccino, Agua","2, 1",2600.0
679,2025-06-17,12:00,take_away,Camarero_4,"Latte, Jugo, Agua","1, 1, 1",2350.0
680,2025-06-17,12:00,take_away,Camarero_2,Jugo,1,800.0
681,2025-06-17,12:00,take_away,Camarero_6,"Café Espresso, Jugo, Agua","2, 2, 3",4800.0
682,2025-06-17,12:00,take_away,Camarero_4,"Agua, Tostado, Agua","3, 2, 2",5600.0
683,2025-06-17,12:00,mesa,Camarero_8,Tostado,2,2600.0
684,2025-06-17,16:00,mesa,Camarero_8,"Cappuccino, Agua, Jugo","2, 1, 3",5000.0
685,2025-06-17,16:00,take_away,Camarero_5,"Café Espresso, Medialuna, Cappuccino","1, 2, 2",3700.0
686,2025-06-17,16:00,mesa,Camarero_8,"Latte, Latte, Agua","2, 2, 1",4400.0
687,2025-06-17,16:00,take_away,Camarero_6,Cappuccino,2,2000.0
688,2025-06-17,16:00,take_away,Camarero_4,"Tostado, Tostado","3, 3",7800.0
689,2025-06-17,16:00,mesa,Camarero_3,"Latte, Latte, Tostado","2, 1, 1",4150.0
690,2025-06-17,16:00,take_away,Camarero_3,Latte,2,1900.0
691,2025-06-17,16:00,take_away,Camarero_7,"Cappuccino, Tostado","3, 1",4300.0
692,2025-06-17,16:00,mesa,Camarero_6,"Latte, Latte, Latte","3, 1, 2",5700.0
693,2025-06-17,16:00,take_away,Camarero_1,"Cappuccino, Tostado","2, 2",4600.0
694,2025-06-17,16:00,take_away,Camarero_4,Cappuccino,3,3000.0
695,2025-06-17,16:00,mesa,Camarero_8,"Cappuccino, Medialuna","2, 3",3500.0
696,2025-06-17,16:00,mesa,Camarero_6,"Medialuna, Tostado","1, 1",1800.0
697,2025-06-17,20:00,take_away,Camarero_4,Café Espresso,2,1400.0
698,2025-06-17,20:00,take_away,Camarero_7,"Medialuna, Medialuna","3, 3",3000.0
699,2025-06-17,20:00,take_away,Camarero_8,"Jugo, Agua","3, 3",4200.0
700,2025-06-17,20:00,take_away,Camarero_3,Latte,1,950.0
701,2025-06-17,20:00,mesa,Camarero_2,"Latte, Jugo, Jugo","1, 1, 2",3350.0
702,2025-06-17,20:00,mesa,Camarero_1,Agua,2,1200.0
703,2025-06-17,20:00,mesa,Camarero_3,"Tostado, Agua","1, 2",2500.0
704,2025-06-17,20:00,mesa,Camarero_3,"Agua, Cappuccino, Latte","3, 2, 2",5700.0
705,2025-06-17,20:00,mesa,Camarero_5,"Jugo, Café Espresso, Medialuna","2, 2, 2",4000.0
706,2025-06-17,20:00,take_away,Camarero_3,Agua,3,1800.0
707,2025-06-17,20:00,take_away,Camarero_5,"Jugo, Agua, Tostado","3, 3, 3",8100.0
708,2025-06-18,08:00,take_away,Camarero_5,"Latte, Café Espresso, Cappuccino","2, 2, 1",4300.0
709,2025-06-18,08:00,mesa,Camarero_6,Tostado,1,1300.0
710,2025-06-18,08:00,take_away,Camarero_5,"Tostado, Medialuna","2, 2",3600.0
711,2025-06-18,08:00,mesa,Camarero_6,"Jugo, Medialuna","1, 3",2300.0
712,2025-06-18,08:00,mesa,Camarero_7,"Agua, Tostado","1, 1",1900.0
713,2025-06-18,08:00,take_away,Camarero_4,Latte,2,1900.0
714,2025-06-18,08:00,take_away,Camarero_4,"Medialuna, Tostado","2, 2",3600.0
715,2025-06-18,08:00,mesa,Camarero_8,Café Espresso,1,700.0
716,2025-06-18,08:00,take_away,Camarero_3,"Medialuna, Tostado","2, 1",2300.0
717,2025-06-18,08:00,mesa,Camarero_1,"Café Espresso, Agua, Latte","1, 3, 2",4400.0
718,2025-06-18,12:00,mesa,Camarero_6,Café Espresso,1,700.0
719,2025-06-18,12:00,take_away,Camarero_1,"Jugo, Tostado","2, 2",4200.0
720,2025-06-18,12:00,take_away,Camarero_1,Jugo,1,800.0
721,2025-06-18,12:00,take_away,Camarero_7,"Café Espresso, Tostado","1, 2",3300.0
722,2025-06-18,12:00,mesa,Camarero_4,Agua,3,1800.0
723,2025-06-18,12:00,take_away,Camarero_2,"Latte, Agua","1, 2",2150.0
724,2025-06-18,12:00,mesa,Camarero_1,"Cappuccino, Agua","2, 1",2600.0
725,2025-06-18,12:00,mesa,Camarero_4,"Tostado, Cappuccino","2, 1",3600.0
726,2025-06-18,16:00,mesa,Camarero_4,"Tostado, Café Espresso, Jugo","3, 1, 2",6200.0
727,2025-06-18,16:00,mesa,Camarero_8,Medialuna,3,1500.0
728,2025-06-18,16:00,mesa,Camarero_6,"Jugo, Latte","2, 1",2550.0
729,2025-06-18,16:00,mesa,Camarero_2,Cappuccino,1,1000.0
730,2025-06-18,16:00,mesa,Camarero_8,"Latte, Agua","3, 2",4050.0
731,2025-06-18,16:00,mesa,Camarero_3,Medialuna,2,1000.0
732,2025-06-18,20:00,mesa,Camarero_8,"Medialuna, Tostado","3, 3",5400.0
733,2025-06-18,20:00,mesa,Camarero_3,"Latte, Cappuccino, Jugo","2, 3, 3",7300.0
734,2025-06-18,20:00,mesa,Camarero_7,"Latte, Cappuccino, Latte","2, 2, 1",4850.0
735,2025-06-18,20:00,mesa,Camarero_4,Medialuna,2,1000.0
736,2025-06-18,20:00,take_away,Camarero_8,"Café Espresso, Agua, Jugo","1, 3, 3",4900.0
737,2025-06-18,20:00,mesa,Camarero_2,"Latte, Cappuccino, Cappuccino","1, 3, 3",6950.0
738,2025-06-18,20:00,mesa,Camarero_4,Latte,1,950.0
739,2025-06-18,20:00,mesa,Camarero_8,"Latte, Café Espresso","3, 2",4250.0
740,2025-06-18,20:00,take_away,Camarero_2,Cappuccino,3,3000.0
741,2025-06-19,08:00,mesa,Camarero_7,"Tostado, Agua, Café Espresso","3, 1, 2",5900.0
742,2025-06-19,08:00,take_away,Camarero_2,"Café Espresso, Medialuna, Tostado","3, 1, 2",5200.0
743,2025-06-19,08:00,mesa,Camarero_4,"Café Espresso, Jugo, Tostado","1, 1, 3",5400.0
744,2025-06-19,08:00,mesa,Camarero_8,"Jugo, Cappuccino, Café Espresso","3, 3, 2",6800.0
745,2025-06-19,08:00,take_away,Camarero_7,Latte,1,950.0
746,2025-06-19,12:00,take_away,Camarero_6,"Latte, Agua, Tostado","2, 2, 3",7000.0
747,2025-06-19,12:00,take_away,Camarero_4,"Jugo, Tostado","3, 2",5000.0
748,2025-06-19,12:00,mesa,Camarero_8,"Jugo, Agua","2, 2",2800.0
749,2025-06-19,12:00,take_away,Camarero_1,"Café Espresso, Café Espresso","2, 3",3500.0
750,2025-06-19,12:00,mesa,Camarero_1,"Café Espresso, Agua","1, 2",1900.0
751,2025-06-19,12:00,take_away,Camarero_6,"Tostado, Tostado, Medialuna","1, 1, 2",3600.0
752,2025-06-19,12:00,mesa,Camarero_4,Latte,3,2850.0
753,2025-06-19,12:00,mesa,Camarero_4,"Jugo, Café Espresso","2, 3",3700.0
754,2025-06-19,12:00,mesa,Camarero_2,"Cappuccino, Tostado, Tostado","3, 3, 3",10800.0
755,2025-06-19,12:00,take_away,Camarero_7,Jugo,3,2400.0
756,2025-06-19,12:00,mesa,Camarero_6,Agua,2,1200.0
757,2025-06-19,12:00,take_away,Camarero_1,"Agua, Café Espresso","1, 3",2700.0
758,2025-06-19,12:00,take_away,Camarero_6,Cappuccino,1,1000.0
759,2025-06-19,16:00,mesa,Camarero_7,"Tostado, Latte","1, 3",4150.0
760,2025-06-19,16:00,take_away,Camarero_6,"Medialuna, Café Espresso, Tostado","2, 1, 1",3000.0
761,2025-06-19,16:00,mesa,Camarero_2,"Medialuna, Café Espresso","2, 2",2400.0
762,2025-06-19,16:00,take_away,Camarero_8,"Tostado, Medialuna, Jugo","2, 3, 1",4900.0
763,2025-06-19,16:00,take_away,Camarero_2,"Tostado, Tostado, Agua","3, 1, 1",5800.0
764,2025-06-19,16:00,take_away,Camarero_7,"Cappuccino, Agua","1, 1",1600.0
765,2025-06-19,16:00,take_away,Camarero_1,"Cappuccino, Cappuccino","3, 3",6000.0
766,2025-06-19,16:00,take_away,Camarero_8,Agua,3,1800.0
767,2025-06-19,16:00,mesa,Camarero_6,"Café Espresso, Jugo","1, 3",3100.0
768,2025-06-19,16:00,mesa,Camarero_1,"Jugo, Café Espresso, Café Espresso","3, 1, 2",4500.0
769,2025-06-19,16:00,take_away,Camarero_4,"Jugo, Cappuccino, Tostado","2, 1, 3",6500.0
770,2025-06-19,16:00,mesa,Camarero_1,"Tostado, Latte, Tostado","3, 1, 3",8750.0
771,2025-06-19,16:00,take_away,Camarero_5,"Agua, Tostado, Latte","1, 2, 1",4150.0
772,2025-06-19,20:00,take_away,Camarero_2,"Agua, Café Espresso, Medialuna","3, 3, 2",4900.0
773,2025-06-19,20:00,mesa,Camarero_2,"Agua, Medialuna","1, 2",1600.0
774,2025-06-19,20:00,take_away,Camarero_8,"Agua, Tostado","1, 1",1900.0
775,2025-06-19,20:00,mesa,Camarero_5,Latte,3,2850.0
776,2025-06-19,20:00,take_away,Camarero_6,"Cappuccino, Latte","2, 3",4850.0
777,2025-06-20,08:00,take_away,Camarero_5,Agua,3,1800.0
778,2025-06-20,08:00,mesa,Camarero_4,"Latte, Cappuccino, Agua","1, 3, 2",5150.0
779,2025-06-20,08:00,mesa,Camarero_7,"Agua, Medialuna","1, 3",2100.0
780,2025-06-20,08:00,mesa,Camarero_6,"Latte, Latte","2, 3",4750.0
781,2025-06-20,08:00,take_away,Camarero_5,"Café Espresso, Medialuna, Medialuna","3, 1, 1",3100.0
782,2025-06-20,08:00,mesa,Camarero_3,"Agua, Agua","1, 3",2400.0
783,2025-06-20,08:00,take_away,Camarero_2,Tostado,3,3900.0
784,2025-06-20,08:00,mesa,Camarero_7,"Jugo, Latte","1, 2",2700.0
785,2025-06-20,08:00,take_away,Camarero_5,"Tostado, Agua","3, 3",5700.0
786,2025-06-20,08:00,mesa,Camarero_1,Café Espresso,1,700.0
787,2025-06-20,12:00,take_away,Camarero_2,"Tostado, Latte, Latte","3, 1, 2",6750.0
788,2025-06-20,12:00,take_away,Camarero_8,Tostado,3,3900.0
789,2025-06-20,12:00,take_away,Camarero_8,Jugo,2,1600.0
790,2025-06-20,12:00,mesa,Camarero_7,Latte,1,950.0
791,2025-06-20,12:00,mesa,Camarero_4,"Agua, Latte","3, 1",2750.0
792,2025-06-20,12:00,mesa,Camarero_8,Agua,2,1200.0
793,2025-06-20,12:00,take_away,Camarero_7,"Agua, Cappuccino","1, 3",3600.0
794,2025-06-20,12:00,take_away,Camarero_1,"Medialuna, Jugo","3, 3",3900.0
795,2025-06-20,12:00,mesa,Camarero_7,"Tostado, Agua","1, 3",3100.0
796,2025-06-20,12:00,mesa,Camarero_7,"Cappuccino, Jugo, Agua","1, 2, 2",3800.0
797,2025-06-20,12:00,take_away,Camarero_3,"Tostado, Cappuccino","3, 1",4900.0
798,2025-06-20,12:00,take_away,Camarero_3,"Tostado, Jugo, Café Espresso","3, 3, 3",8400.0
799,2025-06-20,12:00,take_away,Camarero_4,"Cappuccino, Café Espresso","2, 3",4100.0
800,2025-06-20,12:00,take_away,Camarero_3,Latte,3,2850.0
801,2025-06-20,16:00,mesa,Camarero_6,Medialuna,3,1500.0
802,2025-06-20,16:00,mesa,Camarero_7,"Medialuna, Jugo, Agua","3, 1, 2",3500.0
803,2025-06-20,16:00,mesa,Camarero_3,Agua,3,1800.0
804,2025-06-20,16:00,mesa,Camarero_1,Latte,3,2850.0
805,2025-06-20,16:00,take_away,Camarero_3,"Cappuccino, Jugo","2, 2",3600.0
806,2025-06-20,16:00,mesa,Camarero_5,Agua,1,600.0
807,2025-06-20,20:00,take_away,Camarero_8,"Jugo, Tostado","1, 3",4700.0
808,2025-06-20,20:00,mesa,Camarero_8,Medialuna,2,1000.0
809,2025-06-20,20:00,take_away,Camarero_5,"Café Espresso, Medialuna","1, 3",2200.0
810,2025-06-20,20:00,mesa,Camarero_6,Latte,1,950.0
811,2025-06-20,20:00,mesa,Camarero_5,Jugo,3,2400.0
812,2025-06-21,08:00,mesa,Camarero_3,Café Espresso,1,700.0
813,2025-06-21,08:00,take_away,Camarero_6,"Medialuna, Medialuna, Medialuna","3, 1, 2",3000.0
814,2025-06-21,08:00,mesa,Camarero_6,Jugo,2,1600.0
815,2025-06-21,08:00,take_away,Camarero_2,Jugo,3,2400.0
816,2025-06-21,08:00,take_away,Camarero_7,"Café Espresso, Medialuna","2, 2",2400.0
817,2025-06-21,08:00,mesa,Camarero_8,"Latte, Café Espresso, Tostado","3, 3, 1",6250.0
818,2025-06-21,08:00,take_away,Camarero_6,"Medialuna, Cappuccino","3, 3",4500.0
819,2025-06-21,08:00,mesa,Camarero_4,"Tostado, Tostado, Medialuna","2, 1, 3",5400.0
820,2025-06-21,08:00,take_away,Camarero_8,Café Espresso,1,700.0
821,2025-06-21,08:00,mesa,Camarero_6,"Jugo, Jugo, Agua","2, 1, 2",3600.0
822,2025-06-21,12:00,mesa,Camarero_5,Medialuna,3,1500.0
823,2025-06-21,12:00,take_away,Camarero_6,Cappuccino,3,3000.0
824,2025-06-21,12:00,mesa,Camarero_7,Medialuna,2,1000.0
825,2025-06-21,12:00,mesa,Camarero_8,Latte,2,1900.0
826,2025-06-21,12:00,take_away,Camarero_3,Medialuna,2,1000.0
827,2025-06-21,12:00,take_away,Camarero_5,"Agua, Tostado, Jugo","3, 1, 3",5500.0
828,2025-06-21,12:00,take_away,Camarero_5,"Tostado, Latte, Medialuna","2, 1, 1",4050.0
829,2025-06-21,12:00,mesa,Camarero_7,"Agua, Medialuna","1, 3",2100.0
830,2025-06-21,12:00,mesa,Camarero_5,"Café Espresso, Jugo, Cappuccino","2, 3, 1",4800.0
831,2025-06-21,12:00,take_away,Camarero_6,Tostado,1,1300.0
832,2025-06-21,12:00,take_away,Camarero_1,"Latte, Cappuccino","1, 2",2950.0
833,2025-06-21,12:00,mesa,Camarero_8,Tostado,1,1300.0
834,2025-06-21,12:00,mesa,Camarero_5,Cappuccino,2,2000.0
835,2025-06-21,16:00,mesa,Camarero_3,Jugo,3,2400.0
836,2025-06-21,16:00,mesa,Camarero_1,"Café Espresso, Cappuccino, Agua","1, 1, 2",2900.0
837,2025-06-21,16:00,mesa,Camarero_5,"Tostado, Café Espresso","3, 3",6000.0
838,2025-06-21,16:00,mesa,Camarero_5,"Jugo, Medialuna, Latte","1, 1, 2",3200.0
839,2025-06-21,16:00,take_away,Camarero_2,"Medialuna, Latte","1, 2",2400.0
840,2025-06-21,16:00,mesa,Camarero_3,"Tostado, Café Espresso, Tostado","3, 2, 2",7900.0
841,2025-06-21,16:00,take_away,Camarero_1,"Latte, Café Espresso, Medialuna","2, 3, 2",5000.0
842,2025-06-21,16:00,mesa,Camarero_1,Tostado,3,3900.0
843,2025-06-21,16:00,mesa,Camarero_8,"Café Espresso, Cappuccino","1, 3",3700.0
844,2025-06-21,16:00,take_away,Camarero_2,"Cappuccino, Latte","3, 3",5850.0
845,2025-06-21,20:00,mesa,Camarero_8,Jugo,3,2400.0
846,2025-06-21,20:00,mesa,Camarero_4,"Cappuccino, Medialuna","2, 2",3000.0
847,2025-06-21,20:00,mesa,Camarero_5,Agua,3,1800.0
848,2025-06-21,20:00,take_away,Camarero_8,"Latte, Agua","2, 2",3100.0
849,2025-06-21,20:00,take_away,Camarero_6,Café Espresso,1,700.0
850,2025-06-21,20:00,take_away,Camarero_3,"Jugo, Latte","2, 3",4450.0
851,2025-06-21,20:00,mesa,Camarero_2,"Jugo, Jugo","2, 3",4000.0
852,2025-06-21,20:00,take_away,Camarero_8,"Tostado, Medialuna, Latte","1, 3, 1",3750.0
853,2025-06-21,20:00,take_away,Camarero_7,Cappuccino,3,3000.0
854,2025-06-21,20:00,take_away,Camarero_8,"Jugo, Tostado, Latte","3, 3, 1",7250.0
855,2025-06-21,20:00,mesa,Camarero_7,"Medialuna, Cappuccino, Café Espresso","2, 1, 2",3400.0
856,2025-06-21,20:00,mesa,Camarero_1,"Café Espresso, Jugo, Jugo","2, 2, 2",4600.0
857,2025-06-22,08:00,mesa,Camarero_1,Agua,3,1800.0
858,2025-06-22,08:00,mesa,Camarero_4,"Latte, Tostado, Cappuccino","3, 2, 1",6450.0
859,2025-06-22,08:00,take_away,Camarero_6,"Tostado, Agua","2, 2",3800.0
860,2025-06-22,08:00,mesa,Camarero_6,"Café Espresso, Agua, Cappuccino","1, 2, 1",2900.0
861,2025-06-22,08:00,mesa,Camarero_2,Medialuna,2,1000.0
862,2025-06-22,08:00,take_away,Camarero_7,Latte,3,2850.0
863,2025-06-22,12:00,take_away,Camarero_3,"Cappuccino, Cappuccino, Tostado","3, 1, 2",6600.0
864,2025-06-22,12:00,mesa,Camarero_3,"Cappuccino, Agua, Jugo","1, 2, 3",4600.0
865,2025-06-22,12:00,mesa,Camarero_3,Café Espresso,1,700.0
866,2025-06-22,12:00,take_away,Camarero_7,"Tostado, Agua, Café Espresso","3, 2, 2",6500.0
867,2025-06-22,12:00,mesa,Camarero_6,"Tostado, Tostado","2, 2",5200.0
868,2025-06-22,12:00,mesa,Camarero_8,Cappuccino,1,1000.0
869,2025-06-22,12:00,mesa,Camarero_8,"Tostado, Cappuccino, Tostado","2, 1, 1",4900.0
870,2025-06-22,12:00,take_away,Camarero_2,Medialuna,3,1500.0
871,2025-06-22,12:00,mesa,Camarero_2,"Jugo, Agua, Agua","2, 2, 3",4600.0
872,2025-06-22,12:00,mesa,Camarero_2,Tostado,3,3900.0
873,2025-06-22,12:00,take_away,Camarero_8,"Café Espresso, Cappuccino, Jugo","2, 2, 3",5800.0
874,2025-06-22,12:00,take_away,Camarero_3,"Cappuccino, Agua","2, 2",3200.0
875,2025-06-22,12:00,mesa,Camarero_8,"Agua, Jugo, Jugo","3, 2, 1",4200.0
876,2025-06-22,12:00,mesa,Camarero_8,"Café Espresso, Agua, Jugo","3, 1, 2",4300.0
877,2025-06-22,12:00,mesa,Camarero_5,Tostado,2,2600.0
878,2025-06-22,16:00,take_away,Camarero_3,"Agua, Café Espresso","1, 3",2700.0
879,2025-06-22,16:00,mesa,Camarero_3,"Tostado, Jugo, Latte","3, 1, 2",6600.0
880,2025-06-22,16:00,mesa,Camarero_8,"Agua, Agua","3, 1",2400.0
881,2025-06-22,16:00,take_away,Camarero_4,"Latte, Tostado","3, 1",4150.0
882,2025-06-22,16:00,take_away,Camarero_1,Medialuna,1,500.0
883,2025-06-22,16:00,mesa,Camarero_4,"Cappuccino, Cappuccino","3, 3",6000.0
884,2025-06-22,16:00,take_away,Camarero_8,"Medialuna, Tostado, Latte","2, 1, 2",4200.0
885,2025-06-22,20:00,take_away,Camarero_5,"Medialuna, Café Espresso, Agua","3, 2, 2",4100.0
886,2025-06-22,20:00,take_away,Camarero_7,"Latte, Café Espresso","3, 3",4950.0
887,2025-06-22,20:00,take_away,Camarero_3,"Jugo, Jugo, Medialuna","1, 3, 2",4200.0
888,2025-06-22,20:00,take_away,Camarero_2,"Café Espresso, Café Espresso, Café Espresso","2, 1, 3",4200.0
889,2025-06-22,20:00,take_away,Camarero_1,"Latte, Latte","1, 1",1900.0
890,2025-06-22,20:00,mesa,Camarero_4,Agua,3,1800.0
891,2025-06-22,20:00,mesa,Camarero_3,"Agua, Café Espresso, Medialuna","2, 3, 3",4800.0
892,2025-06-22,20:00,mesa,Camarero_5,"Latte, Cappuccino, Medialuna","1, 3, 2",4950.0
893,2025-06-22,20:00,take_away,Camarero_1,"Agua, Jugo, Cappuccino","1, 1, 2",3400.0
894,2025-06-22,20:00,take_away,Camarero_8,"Cappuccino, Café Espresso","2, 1",2700.0
895,2025-06-22,20:00,mesa,Camarero_8,"Agua, Latte","2, 1",2150.0
896,2025-06-23,08:00,mesa,Camarero_2,"Jugo, Latte, Medialuna","2, 3, 2",5450.0
897,2025-06-23,08:00,mesa,Camarero_5,Café Espresso,3,2100.0
898,2025-06-23,08:00,take_away,Camarero_1,Agua,1,600.0
899,2025-06-23,08:00,mesa,Camarero_8,"Cappuccino, Latte, Cappuccino","2, 3, 1",5850.0
900,2025-06-23,08:00,take_away,Camarero_4,"Cappuccino, Jugo","1, 3",3400.0
901,2025-06-23,08:00,mesa,Camarero_6,"Agua, Jugo","2, 1",2000.0
902,2025-06-23,12:00,take_away,Camarero_6,"Café Espresso, Agua","3, 1",2700.0
903,2025-06-23,12:00,take_away,Camarero_4,Jugo,2,1600.0
904,2025-06-23,12:00,mesa,Camarero_6,"Café Espresso, Cappuccino, Latte","3, 2, 1",5050.0
905,2025-06-23,12:00,take_away,Camarero_4,Agua,2,1200.0
906,2025-06-23,12:00,mesa,Camarero_4,Latte,3,2850.0
907,2025-06-23,12:00,take_away,Camarero_8,"Café Espresso, Tostado","2, 2",4000.0
908,2025-06-23,12:00,mesa,Camarero_1,Cappuccino,2,2000.0
909,2025-06-23,12:00,take_away,Camarero_8,Latte,3,2850.0
910,2025-06-23,12:00,mesa,Camarero_1,"Medialuna, Agua, Café Espresso","1, 2, 3",3800.0
911,2025-06-23,12:00,take_away,Camarero_5,"Café Espresso, Medialuna, Café Espresso","1, 3, 1",2900.0
912,2025-06-23,16:00,take_away,Camarero_4,"Latte, Medialuna, Jugo","1, 1, 2",3050.0
913,2025-06-23,16:00,mesa,Camarero_7,Cappuccino,3,3000.0
914,2025-06-23,16:00,take_away,Camarero_3,Agua,3,1800.0
915,2025-06-23,16:00,take_away,Camarero_3,Jugo,3,2400.0
916,2025-06-23,16:00,take_away,Camarero_7,Café Espresso,1,700.0
917,2025-06-23,16:00,mesa,Camarero_2,"Cappuccino, Latte, Latte","3, 1, 1",4900.0
918,2025-06-23,20:00,take_away,Camarero_2,Café Espresso,2,1400.0
919,2025-06-23,20:00,mesa,Camarero_5,Latte,1,950.0
920,2025-06-23,20:00,take_away,Camarero_5,"Jugo, Jugo, Medialuna","1, 1, 3",3100.0
921,2025-06-23,20:00,take_away,Camarero_3,"Latte, Latte","3, 1",3800.0
922,2025-06-23,20:00,take_away,Camarero_4,"Agua, Medialuna, Jugo","2, 2, 1",3000.0
923,2025-06-23,20:00,mesa,Camarero_6,Agua,1,600.0
924,2025-06-23,20:00,mesa,Camarero_4,"Jugo, Medialuna","2, 1",2100.0
925,2025-06-23,20:00,mesa,Camarero_8,Medialuna,2,1000.0
926,2025-06-23,20:00,mesa,Camarero_1,Medialuna,1,500.0
927,2025-06-23,20:00,take_away,Camarero_1,"Latte, Latte","3, 2",4750.0
928,2025-06-23,20:00,mesa,Camarero_2,"Café Espresso, Tostado, Latte","1, 2, 3",6150.0
929,2025-06-23,20:00,mesa,Camarero_6,Jugo,3,2400.0
930,2025-06-23,20:00,take_away,Camarero_4,Jugo,2,1600.0
931,2025-06-23,20:00,mesa,Camarero_7,"Latte, Latte","2, 1",2850.0
932,2025-06-23,20:00,mesa,Camarero_1,Tostado,2,2600.0
933,2025-06-24,08:00,mesa,Camarero_3,Agua,2,1200.0
934,2025-06-24,08:00,take_away,Camarero_5,"Café Espresso, Jugo","3, 2",3700.0
935,2025-06-24,08:00,mesa,Camarero_3,"Café Espresso, Medialuna","1, 2",1700.0
936,2025-06-24,08:00,mesa,Camarero_5,"Tostado, Latte","2, 1",3550.0
937,2025-06-24,08:00,mesa,Camarero_7,"Agua, Agua, Medialuna","3, 1, 1",2900.0
938,2025-06-24,08:00,take_away,Camarero_5,Medialuna,2,1000.0
939,2025-06-24,08:00,mesa,Camarero_3,"Cappuccino, Agua, Latte","2, 3, 1",4750.0
940,2025-06-24,08:00,mesa,Camarero_1,"Agua, Café Espresso","2, 3",3300.0
941,2025-06-24,08:00,take_away,Camarero_4,"Cappuccino, Jugo, Medialuna","1, 2, 2",3600.0
942,2025-06-24,08:00,mesa,Camarero_5,"Jugo, Medialuna, Cappuccino","1, 1, 2",3300.0
943,2025-06-24,08:00,mesa,Camarero_1,"Agua, Café Espresso, Medialuna","1, 3, 2",3700.0
944,2025-06-24,12:00,take_away,Camarero_3,Agua,2,1200.0
945,2025-06-24,12:00,take_away,Camarero_6,"Tostado, Medialuna, Agua","1, 2, 3",4100.0
946,2025-06-24,12:00,mesa,Camarero_4,"Cappuccino, Latte","3, 3",5850.0
947,2025-06-24,12:00,mesa,Camarero_2,"Agua, Jugo, Café Espresso","3, 2, 1",4100.0
948,2025-06-24,12:00,take_away,Camarero_2,"Tostado, Café Espresso","2, 1",3300.0
949,2025-06-24,12:00,mesa,Camarero_2,Agua,1,600.0
950,2025-06-24,12:00,take_away,Camarero_6,"Agua, Medialuna, Agua","1, 3, 1",2700.0
951,2025-06-24,12:00,take_away,Camarero_6,"Tostado, Cappuccino","1, 1",2300.0
952,2025-06-24,12:00,take_away,Camarero_5,"Tostado, Tostado","1, 2",3900.0
953,2025-06-24,12:00,take_away,Camarero_2,"Cappuccino, Medialuna, Medialuna","1, 1, 2",2500.0
954,2025-06-24,12:00,mesa,Camarero_3,"Agua, Cappuccino","1, 1",1600.0
955,2025-06-24,12:00,take_away,Camarero_3,Medialuna,2,1000.0
956,2025-06-24,16:00,mesa,Camarero_6,"Cappuccino, Medialuna","1, 2",2000.0
957,2025-06-24,16:00,take_away,Camarero_1,"Jugo, Café Espresso","1, 1",1500.0
958,2025-06-24,16:00,mesa,Camarero_8,"Medialuna, Cappuccino, Cappuccino","3, 2, 2",5500.0
959,2025-06-24,16:00,take_away,Camarero_5,"Tostado, Agua","2, 1",3200.0
960,2025-06-24,16:00,mesa,Camarero_6,"Cappuccino, Cappuccino","1, 1",2000.0
961,2025-06-24,16:00,take_away,Camarero_5,"Agua, Medialuna","1, 3",2100.0
962,2025-06-24,16:00,mesa,Camarero_3,Jugo,3,2400.0
963,2025-06-24,16:00,mesa,Camarero_3,Café Espresso,2,1400.0
964,2025-06-24,20:00,take_away,Camarero_6,"Latte, Tostado","1, 3",4850.0
965,2025-06-24,20:00,take_away,Camarero_3,Cappuccino,3,3000.0
966,2025-06-24,20:00,take_away,Camarero_8,Agua,2,1200.0
967,2025-06-24,20:00,mesa,Camarero_6,"Agua, Latte","3, 3",4650.0
968,2025-06-24,20:00,take_away,Camarero_3,"Agua, Agua","3, 3",3600.0
969,2025-06-24,20:00,take_away,Camarero_2,"Medialuna, Jugo","1, 1",1300.0
970,2025-06-24,20:00,take_away,Camarero_8,Cappuccino,1,1000.0
971,2025-06-24,20:00,take_away,Camarero_4,Cappuccino,3,3000.0
972,2025-06-24,20:00,mesa,Camarero_2,"Latte, Café Espresso","2, 3",4000.0
973,2025-06-24,20:00,take_away,Camarero_1,Tostado,3,3900.0
974,2025-06-24,20:00,take_away,Camarero_6,"Latte, Jugo","2, 2",3500.0
975,2025-06-24,20:00,mesa,Camarero_2,"Cappuccino, Cappuccino","2, 3",5000.0
976,2025-06-25,08:00,take_away,Camarero_7,"Agua, Jugo, Cappuccino","3, 2, 3",6400.0
977,2025-06-25,08:00,mesa,Camarero_7,"Medialuna, Latte, Cappuccino","3, 2, 1",4400.0
978,2025-06-25,08:00,mesa,Camarero_7,Cappuccino,2,2000.0
979,2025-06-25,08:00,mesa,Camarero_5,"Tostado, Tostado, Agua","1, 1, 2",3800.0
980,2025-06-25,08:00,take_away,Camarero_5,Jugo,2,1600.0
981,2025-06-25,08:00,take_away,Camarero_8,"Jugo, Latte, Jugo","1, 2, 2",4300.0
982,2025-06-25,08:00,mesa,Camarero_1,"Medialuna, Cappuccino, Latte","3, 3, 1",5450.0
983,2025-06-25,08:00,mesa,Camarero_6,"Tostado, Agua","3, 3",5700.0
984,2025-06-25,12:00,take_away,Camarero_1,"Tostado, Latte, Medialuna","3, 1, 2",5850.0
985,2025-06-25,12:00,take_away,Camarero_6,Medialuna,1,500.0
986,2025-06-25,12:00,take_away,Camarero_1,"Café Espresso, Latte, Latte","2, 3, 2",6150.0
987,2025-06-25,12:00,take_away,Camarero_3,"Tostado, Agua","3, 1",4500.0
988,2025-06-25,12:00,mesa,Camarero_6,"Jugo, Tostado, Agua","3, 2, 2",6200.0
989,2025-06-25,12:00,mesa,Camarero_8,"Medialuna, Jugo, Café Espresso","3, 2, 2",4500.0
990,2025-06-25,12:00,take_away,Camarero_4,"Agua, Latte","1, 1",1550.0
991,2025-06-25,12:00,mesa,Camarero_2,"Medialuna, Jugo, Tostado","3, 3, 3",7800.0
992,2025-06-25,12:00,take_away,Camarero_8,"Agua, Café Espresso","1, 1",1300.0
993,2025-06-25,12:00,take_away,Camarero_6,"Medialuna, Café Espresso","2, 3",3100.0
994,2025-06-25,12:00,mesa,Camarero_4,"Cappuccino, Jugo, Café Espresso","1, 3, 1",4100.0
995,2025-06-25,12:00,take_away,Camarero_7,Latte,1,950.0
996,2025-06-25,12:00,mesa,Camarero_7,Café Espresso,2,1400.0
997,2025-06-25,12:00,mesa,Camarero_1,Café Espresso,3,2100.0
998,2025-06-25,16:00,mesa,Camarero_2,"Café Espresso, Cappuccino","1, 1",1700.0
999,2025-06-25,16:00,mesa,Camarero_5,"Agua, Latte, Cappuccino","1, 1, 3",4550.0
1000,2025-06-25,16:00,take_away,Camarero_4,"Latte, Tostado","3, 3",6750.0
1001,2025-06-25,16:00,mesa,Camarero_4,Jugo,1,800.0
1002,2025-06-25,16:00,mesa,Camarero_2,"Latte, Jugo","1, 3",3350.0
1003,2025-06-25,16:00,mesa,Camarero_2,"Jugo, Tostado, Medialuna","1, 2, 3",4900.0
1004,2025-06-25,16:00,mesa,Camarero_7,"Agua, Cappuccino","3, 1",2800.0
1005,2025-06-25,16:00,mesa,Camarero_6,"Café Espresso, Café Espresso","1, 2",2100.0
1006,2025-06-25,16:00,take_away,Camarero_5,"Jugo, Café Espresso, Tostado","2, 2, 2",5600.0
1007,2025-06-25,16:00,take_away,Camarero_7,Tostado,2,2600.0
1008,2025-06-25,16:00,mesa,Camarero_6,Agua,2,1200.0
1009,2025-06-25,16:00,mesa,Camarero_2,Agua,2,1200.0
1010,2025-06-25,20:00,take_away,Camarero_2,"Medialuna, Café Espresso, Latte","2, 3, 3",5950.0
1011,2025-06-25,20:00,mesa,Camarero_6,Cappuccino,1,1000.0
1012,2025-06-25,20:00,mesa,Camarero_5,"Jugo, Cappuccino, Latte","2, 3, 2",6500.0
1013,2025-06-25,20:00,take_away,Camarero_5,"Agua, Cappuccino, Medialuna","2, 2, 3",4700.0
1014,2025-06-25,20:00,mesa,Camarero_3,"Café Espresso, Latte","2, 1",2350.0
1015,2025-06-25,20:00,mesa,Camarero_8,Jugo,1,800.0
1016,2025-06-25,20:00,mesa,Camarero_6,Cappuccino,3,3000.0
1017,2025-06-25,20:00,mesa,Camarero_8,"Medialuna, Café Espresso","1, 3",2600.0
1018,2025-06-25,20:00,take_away,Camarero_8,Cappuccino,2,2000.0
1019,2025-06-25,20:00,take_away,Camarero_7,"Cappuccino, Agua, Tostado","1, 2, 1",3500.0
1020,2025-06-25,20:00,take_away,Camarero_3,"Jugo, Tostado","1, 1",2100.0
1021,2025-06-26,08:00,take_away,Camarero_8,"Latte, Tostado, Cappuccino","2, 2, 1",5500.0
1022,2025-06-26,08:00,take_away,Camarero_5,"Tostado, Latte","1, 2",3200.0
1023,2025-06-26,08:00,take_away,Camarero_1,"Agua, Medialuna, Cappuccino","2, 2, 1",3200.0
1024,2025-06-26,08:00,mesa,Camarero_1,Jugo,2,1600.0
1025,2025-06-26,08:00,take_away,Camarero_6,"Café Espresso, Cappuccino","2, 2",3400.0
1026,2025-06-26,08:00,mesa,Camarero_5,"Latte, Latte, Cappuccino","1, 3, 1",4800.0
1027,2025-06-26,08:00,mesa,Camarero_7,"Latte, Tostado","1, 2",3550.0
1028,2025-06-26,08:00,take_away,Camarero_7,"Café Espresso, Tostado","1, 2",3300.0
1029,2025-06-26,08:00,take_away,Camarero_4,"Medialuna, Jugo","1, 3",2900.0
1030,2025-06-26,08:00,take_away,Camarero_5,"Tostado, Jugo","2, 1",3400.0
1031,2025-06-26,08:00,take_away,Camarero_4,"Latte, Medialuna","1, 3",2450.0
1032,2025-06-26,08:00,take_away,Camarero_2,"Café Espresso, Agua","2, 1",2000.0
1033,2025-06-26,08:00,mesa,Camarero_6,"Cappuccino, Café Espresso, Jugo","2, 2, 1",4200.0
1034,2025-06-26,12:00,take_away,Camarero_5,"Jugo, Tostado, Tostado","1, 2, 2",6000.0
1035,2025-06-26,12:00,take_away,Camarero_8,"Jugo, Latte, Café Espresso","3, 3, 1",5950.0
1036,2025-06-26,12:00,mesa,Camarero_7,"Agua, Jugo, Tostado","3, 3, 3",8100.0
1037,2025-06-26,12:00,mesa,Camarero_7,"Latte, Tostado, Latte","3, 3, 2",8650.0
1038,2025-06-26,12:00,take_away,Camarero_7,"Agua, Agua","3, 1",2400.0
1039,2025-06-26,12:00,take_away,Camarero_7,"Medialuna, Latte","3, 1",2450.0
1040,2025-06-26,16:00,mesa,Camarero_5,Latte,1,950.0
1041,2025-06-26,16:00,take_away,Camarero_4,"Tostado, Tostado","3, 1",5200.0
1042,2025-06-26,16:00,mesa,Camarero_3,"Café Espresso, Latte","2, 3",4250.0
1043,2025-06-26,16:00,mesa,Camarero_5,"Tostado, Café Espresso, Agua","1, 2, 3",4500.0
1044,2025-06-26,16:00,mesa,Camarero_3,"Agua, Medialuna","1, 2",1600.0
1045,2025-06-26,16:00,mesa,Camarero_2,Tostado,3,3900.0
1046,2025-06-26,16:00,take_away,Camarero_6,"Agua, Latte","1, 2",2500.0
1047,2025-06-26,16:00,take_away,Camarero_5,"Jugo, Agua, Latte","1, 1, 1",2350.0
1048,2025-06-26,20:00,take_away,Camarero_2,"Agua, Café Espresso","3, 2",3200.0
1049,2025-06-26,20:00,take_away,Camarero_6,"Cappuccino, Medialuna, Agua","1, 2, 2",3200.0
1050,2025-06-26,20:00,take_away,Camarero_1,Medialuna,3,1500.0
1051,2025-06-26,20:00,mesa,Camarero_6,"Agua, Medialuna, Latte","2, 2, 3",5050.0
1052,2025-06-26,20:00,mesa,Camarero_2,"Agua, Agua, Cappuccino","2, 2, 2",4400.0
1053,2025-06-26,20:00,mesa,Camarero_6,"Latte, Agua","2, 3",3700.0
1054,2025-06-26,20:00,take_away,Camarero_8,Latte,1,950.0
1055,2025-06-26,20:00,take_away,Camarero_5,"Cappuccino, Jugo, Jugo","1, 1, 3",4200.0
1056,2025-06-26,20:00,mesa,Camarero_6,"Cappuccino, Jugo","3, 3",5400.0
1057,2025-06-26,20:00,take_away,Camarero_3,"Café Espresso, Café Espresso, Medialuna","3, 2, 3",5000.0
1058,2025-06-26,20:00,mesa,Camarero_2,"Latte, Cappuccino","3, 1",3850.0
1059,2025-06-26,20:00,mesa,Camarero_3,Tostado,3,3900.0
1060,2025-06-27,08:00,take_away,Camarero_3,"Tostado, Agua","1, 2",2500.0
1061,2025-06-27,08:00,take_away,Camarero_7,"Latte, Cappuccino","1, 2",2950.0
1062,2025-06-27,08:00,mesa,Camarero_4,Agua,3,1800.0
1063,2025-06-27,08:00,mesa,Camarero_7,"Latte, Medialuna","1, 1",1450.0
1064,2025-06-27,08:00,take_away,Camarero_7,"Latte, Café Espresso, Cappuccino","3, 1, 1",4550.0
1065,2025-06-27,08:00,take_away,Camarero_8,"Tostado, Latte, Latte","2, 2, 3",7350.0
1066,2025-06-27,08:00,take_away,Camarero_4,Tostado,1,1300.0
1067,2025-06-27,08:00,take_away,Camarero_5,"Medialuna, Cappuccino, Cappuccino","1, 1, 2",3500.0
1068,2025-06-27,08:00,mesa,Camarero_1,"Tostado, Latte, Medialuna","3, 2, 1",6300.0
1069,2025-06-27,08:00,take_away,Camarero_7,Agua,3,1800.0
1070,2025-06-27,08:00,mesa,Camarero_1,"Cappuccino, Cappuccino, Medialuna","1, 1, 3",3500.0
1071,2025-06-27,08:00,mesa,Camarero_1,"Agua, Tostado","2, 3",5100.0
1072,2025-06-27,08:00,mesa,Camarero_6,"Tostado, Cappuccino","2, 3",5600.0
1073,2025-06-27,08:00,mesa,Camarero_3,"Café Espresso, Latte, Latte","2, 2, 2",5200.0
1074,2025-06-27,12:00,take_away,Camarero_5,"Tostado, Café Espresso, Café Espresso","1, 1, 2",3400.0
1075,2025-06-27,12:00,take_away,Camarero_6,"Latte, Agua","3, 2",4050.0
1076,2025-06-27,12:00,take_away,Camarero_3,Cappuccino,2,2000.0
1077,2025-06-27,12:00,take_away,Camarero_4,Latte,1,950.0
1078,2025-06-27,12:00,mesa,Camarero_8,Tostado,1,1300.0
1079,2025-06-27,12:00,take_away,Camarero_1,Agua,2,1200.0
1080,2025-06-27,16:00,take_away,Camarero_6,"Tostado, Tostado, Café Espresso","3, 1, 1",5900.0
1081,2025-06-27,16:00,mesa,Camarero_3,Agua,1,600.0
1082,2025-06-27,16:00,take_away,Camarero_3,"Agua, Medialuna, Medialuna","1, 3, 3",3600.0
1083,2025-06-27,16:00,take_away,Camarero_2,Latte,2,1900.0
1084,2025-06-27,16:00,take_away,Camarero_2,Latte,3,2850.0
1085,2025-06-27,16:00,take_away,Camarero_1,"Medialuna, Agua","2, 1",1600.0
1086,2025-06-27,16:00,mesa,Camarero_5,"Jugo, Medialuna","2, 3",3100.0
1087,2025-06-27,16:00,mesa,Camarero_3,"Agua, Medialuna","2, 2",2200.0
1088,2025-06-27,16:00,mesa,Camarero_6,Jugo,2,1600.0
1089,2025-06-27,16:00,mesa,Camarero_4,"Café Espresso, Agua, Cappuccino","2, 2, 1",3600.0
1090,2025-06-27,16:00,take_away,Camarero_3,Café Espresso,1,700.0
1091,2025-06-27,16:00,take_away,Camarero_2,"Latte, Jugo","3, 1",3650.0
1092,2025-06-27,20:00,take_away,Camarero_3,"Jugo, Agua","3, 3",4200.0
1093,2025-06-27,20:00,take_away,Camarero_5,"Café Espresso, Cappuccino, Latte","2, 2, 2",5300.0
1094,2025-06-27,20:00,take_away,Camarero_3,Jugo,2,1600.0
1095,2025-06-27,20:00,take_away,Camarero_3,"Cappuccino, Café Espresso, Cappuccino","2, 3, 1",5100.0
1096,2025-06-27,20:00,take_away,Camarero_5,"Medialuna, Tostado, Cappuccino","2, 1, 2",4300.0
1097,2025-06-27,20:00,mesa,Camarero_4,Medialuna,2,1000.0
1098,2025-06-27,20:00,take_away,Camarero_2,"Tostado, Tostado","1, 3",5200.0
1099,2025-06-27,20:00,take_away,Camarero_6,"Café Espresso, Medialuna","3, 2",3100.0
1100,2025-06-27,20:00,take_away,Camarero_3,"Café Espresso, Tostado, Café Espresso","3, 2, 1",5400.0
1101,2025-06-28,08:00,mesa,Camarero_5,Cappuccino,3,3000.0
1102,2025-06-28,08:00,take_away,Camarero_4,"Jugo, Jugo, Tostado","2, 2, 1",4500.0
1103,2025-06-28,08:00,mesa,Camarero_5,Jugo,3,2400.0
1104,2025-06-28,08:00,mesa,Camarero_3,"Tostado, Café Espresso","1, 1",2000.0
1105,2025-06-28,08:00,take_away,Camarero_8,"Medialuna, Agua","3, 3",3300.0
1106,2025-06-28,08:00,take_away,Camarero_5,"Jugo, Medialuna, Medialuna","3, 3, 2",4900.0
1107,2025-06-28,08:00,mesa,Camarero_2,Café Espresso,1,700.0
1108,2025-06-28,08:00,mesa,Camarero_4,"Agua, Agua, Latte","3, 1, 3",5250.0
1109,2025-06-28,08:00,take_away,Camarero_7,"Agua, Tostado, Café Espresso","2, 1, 2",3900.0
1110,2025-06-28,08:00,mesa,Camarero_8,Latte,1,950.0
1111,2025-06-28,08:00,take_away,Camarero_5,"Café Espresso, Tostado","1, 1",2000.0
1112,2025-06-28,12:00,take_away,Camarero_7,Cappuccino,1,1000.0
1113,2025-06-28,12:00,take_away,Camarero_1,"Jugo, Medialuna","3, 2",3400.0
1114,2025-06-28,12:00,take_away,Camarero_8,"Tostado, Medialuna","3, 3",5400.0
1115,2025-06-28,12:00,mesa,Camarero_7,"Café Espresso, Café Espresso, Medialuna","3, 1, 2",3800.0
1116,2025-06-28,12:00,take_away,Camarero_6,Tostado,3,3900.0
1117,2025-06-28,12:00,take_away,Camarero_4,"Tostado, Latte, Jugo","2, 2, 2",6100.0
1118,2025-06-28,12:00,mesa,Camarero_3,"Agua, Cappuccino, Medialuna","3, 3, 2",5800.0
1119,2025-06-28,12:00,take_away,Camarero_6,"Medialuna, Agua, Jugo","3, 3, 3",5700.0
1120,2025-06-28,12:00,take_away,Camarero_2,Medialuna,2,1000.0
1121,2025-06-28,12:00,take_away,Camarero_8,Latte,1,950.0
1122,2025-06-28,12:00,mesa,Camarero_1,"Agua, Tostado","1, 1",1900.0
1123,2025-06-28,12:00,mesa,Camarero_1,"Agua, Cappuccino","1, 1",1600.0
1124,2025-06-28,12:00,mesa,Camarero_4,"Tostado, Medialuna","1, 3",2800.0
1125,2025-06-28,12:00,take_away,Camarero_5,"Agua, Jugo","1, 3",3000.0
1126,2025-06-28,16:00,mesa,Camarero_2,"Café Espresso, Agua, Jugo","1, 1, 3",3700.0
1127,2025-06-28,16:00,mesa,Camarero_5,"Café Espresso, Medialuna, Agua","2, 1, 3",3700.0
1128,2025-06-28,16:00,take_away,Camarero_2,"Tostado, Agua, Latte","2, 2, 1",4750.0
1129,2025-06-28,16:00,mesa,Camarero_8,"Agua, Jugo","1, 1",1400.0
1130,2025-06-28,16:00,take_away,Camarero_7,"Tostado, Café Espresso","2, 3",4700.0
1131,2025-06-28,16:00,take_away,Camarero_7,"Medialuna, Latte, Jugo","2, 1, 1",2750.0
1132,2025-06-28,16:00,take_away,Camarero_6,"Agua, Agua","3, 3",3600.0
1133,2025-06-28,20:00,take_away,Camarero_2,Jugo,3,2400.0
1134,2025-06-28,20:00,mesa,Camarero_1,"Cappuccino, Agua","1, 2",2200.0
1135,2025-06-28,20:00,take_away,Camarero_3,Medialuna,3,1500.0
1136,2025-06-28,20:00,mesa,Camarero_5,"Agua, Jugo, Agua","2, 2, 2",4000.0
1137,2025-06-28,20:00,take_away,Camarero_3,"Café Espresso, Latte","3, 3",4950.0
1138,2025-06-29,08:00,take_away,Camarero_6,"Latte, Tostado, Jugo","3, 2, 3",7850.0
1139,2025-06-29,08:00,take_away,Camarero_1,Agua,1,600.0
1140,2025-06-29,08:00,take_away,Camarero_5,"Jugo, Jugo","1, 3",3200.0
1141,2025-06-29,08:00,mesa,Camarero_6,Tostado,2,2600.0
1142,2025-06-29,08:00,mesa,Camarero_5,Café Espresso,3,2100.0
1143,2025-06-29,08:00,mesa,Camarero_1,"Jugo, Agua","1, 3",2600.0
1144,2025-06-29,08:00,take_away,Camarero_2,"Medialuna, Cappuccino","1, 3",3500.0
1145,2025-06-29,08:00,take_away,Camarero_4,"Medialuna, Café Espresso","2, 1",1700.0
1146,2025-06-29,08:00,take_away,Camarero_3,"Latte, Jugo","3, 3",5250.0
1147,2025-06-29,08:00,take_away,Camarero_2,"Jugo, Café Espresso, Tostado","1, 2, 2",4800.0
1148,2025-06-29,08:00,mesa,Camarero_4,"Cappuccino, Cappuccino, Café Espresso","2, 1, 2",4400.0
1149,2025-06-29,12:00,mesa,Camarero_7,"Medialuna, Cappuccino","3, 3",4500.0
1150,2025-06-29,12:00,take_away,Camarero_3,"Tostado, Cappuccino, Tostado","2, 3, 2",8200.0
1151,2025-06-29,12:00,mesa,Camarero_2,"Café Espresso, Medialuna, Café Espresso","3, 3, 3",5700.0
1152,2025-06-29,12:00,mesa,Camarero_2,"Tostado, Jugo","3, 2",5500.0
1153,2025-06-29,12:00,take_away,Camarero_5,Café Espresso,3,2100.0
1154,2025-06-29,12:00,mesa,Camarero_1,"Latte, Cappuccino, Agua","2, 2, 2",5100.0
1155,2025-06-29,12:00,mesa,Camarero_1,Jugo,2,1600.0
1156,2025-06-29,12:00,take_away,Camarero_2,"Latte, Jugo","2, 1",2700.0
1157,2025-06-29,12:00,take_away,Camarero_8,Agua,2,1200.0
1158,2025-06-29,12:00,take_away,Camarero_3,"Tostado, Cappuccino, Cappuccino","3, 3, 1",7900.0
1159,2025-06-29,12:00,take_away,Camarero_2,"Medialuna, Latte","3, 2",3400.0
1160,2025-06-29,12:00,take_away,Camarero_8,"Latte, Cappuccino","3, 1",3850.0
1161,2025-06-29,16:00,mesa,Camarero_5,Medialuna,3,1500.0
1162,2025-06-29,16:00,mesa,Camarero_4,"Tostado, Latte, Medialuna","3, 1, 3",6350.0
1163,2025-06-29,16:00,take_away,Camarero_4,"Agua, Café Espresso, Agua","1, 1, 2",2500.0
1164,2025-06-29,16:00,mesa,Camarero_7,"Jugo, Medialuna, Café Espresso","3, 3, 2",5300.0
1165,2025-06-29,16:00,mesa,Camarero_7,"Agua, Café Espresso","2, 1",1900.0
1166,2025-06-29,16:00,mesa,Camarero_5,"Cappuccino, Latte, Café Espresso","1, 3, 1",4550.0
1167,2025-06-29,16:00,mesa,Camarero_3,Latte,1,950.0
1168,2025-06-29,16:00,take_away,Camarero_1,"Medialuna, Café Espresso","2, 1",1700.0
1169,2025-06-29,16:00,mesa,Camarero_5,"Cappuccino, Cappuccino","2, 2",4000.0
1170,2025-06-29,20:00,mesa,Camarero_4,Latte,3,2850.0
1171,2025-06-29,20:00,take_away,Camarero_7,"Jugo, Cappuccino, Café Espresso","1, 2, 2",4200.0
1172,2025-06-29,20:00,mesa,Camarero_2,"Café Espresso, Medialuna","1, 2",1700.0
1173,2025-06-29,20:00,mesa,Camarero_4,"Medialuna, Café Espresso, Tostado","2, 1, 3",5600.0
1174,2025-06-29,20:00,mesa,Camarero_7,"Tostado, Latte","1, 3",4150.0
1175,2025-06-29,20:00,take_away,Camarero_5,Café Espresso,2,1400.0
1176,2025-06-29,20:00,mesa,Camarero_5,Café Espresso,2,1400.0
1177,2025-06-29,20:00,take_away,Camarero_1,"Cappuccino, Cappuccino, Medialuna","3, 3, 2",7000.0
1178,2025-06-29,20:00,mesa,Camarero_5,"Tostado, Café Espresso, Café Espresso","3, 1, 1",5300.0
1179,2025-06-29,20:00,take_away,Camarero_6,Medialuna,2,1000.0
1180,2025-06-29,20:00,take_away,Camarero_6,"Tostado, Latte, Agua","2, 1, 2",4750.0
1181,2025-06-30,08:00,mesa,Camarero_7,"Agua, Medialuna, Café Espresso","1, 3, 1",2800.0
1182,2025-06-30,08:00,take_away,Camarero_2,"Tostado, Jugo","3, 3",6300.0
1183,2025-06-30,08:00,mesa,Camarero_7,"Tostado, Café Espresso, Agua","2, 3, 2",5900.0
1184,2025-06-30,08:00,mesa,Camarero_4,"Agua, Café Espresso, Cappuccino","1, 2, 1",3000.0
1185,2025-06-30,08:00,mesa,Camarero_5,"Medialuna, Medialuna","1, 1",1000.0
1186,2025-06-30,12:00,mesa,Camarero_4,"Agua, Café Espresso","2, 3",3300.0
1187,2025-06-30,12:00,mesa,Camarero_7,Agua,3,1800.0
1188,2025-06-30,12:00,mesa,Camarero_3,"Tostado, Tostado","3, 1",5200.0
1189,2025-06-30,12:00,mesa,Camarero_5,"Café Espresso, Café Espresso, Latte","3, 1, 3",5650.0
1190,2025-06-30,12:00,mesa,Camarero_8,"Café Espresso, Agua, Medialuna","3, 2, 3",4800.0
1191,2025-06-30,12:00,mesa,Camarero_7,"Medialuna, Agua","1, 2",1700.0
1192,2025-06-30,12:00,take_away,Camarero_1,"Café Espresso, Tostado","2, 2",4000.0
1193,2025-06-30,12:00,mesa,Camarero_8,Latte,2,1900.0
1194,2025-06-30,16:00,mesa,Camarero_4,"Latte, Café Espresso","3, 1",3550.0
1195,2025-06-30,16:00,take_away,Camarero_3,Agua,1,600.0
1196,2025-06-30,16:00,take_away,Camarero_7,"Café Espresso, Medialuna","1, 2",1700.0
1197,2025-06-30,16:00,mesa,Camarero_4,"Jugo, Agua, Jugo","1, 1, 2",3000.0
1198,2025-06-30,16:00,take_away,Camarero_4,Jugo,3,2400.0
1199,2025-06-30,16:00,mesa,Camarero_1,"Medialuna, Jugo, Medialuna","3, 1, 1",2800.0
1200,2025-06-30,16:00,mesa,Camarero_1,"Cappuccino, Jugo","1, 1",1800.0
1201,2025-06-30,16:00,take_away,Camarero_7,Cappuccino,3,3000.0
1202,2025-06-30,16:00,mesa,Camarero_1,Medialuna,3,1500.0
1203,2025-06-30,16:00,take_away,Camarero_1,"Cappuccino, Medialuna","2, 1",2500.0
1204,2025-06-30,20:00,take_away,Camarero_6,"Jugo, Agua","3, 1",3000.0
1205,2025-06-30,20:00,mesa,Camarero_1,"Tostado, Medialuna","1, 1",1800.0
1206,2025-06-30,20:00,mesa,Camarero_6,"Jugo, Latte, Medialuna","3, 3, 2",6250.0
1207,2025-06-30,20:00,take_away,Camarero_1,"Jugo, Tostado","1, 1",2100.0
1208,2025-06-30,20:00,mesa,Camarero_6,Cappuccino,2,2000.0
1209,2025-06-30,20:00,take_away,Camarero_5,"Agua, Jugo, Latte","2, 3, 2",5500.0
1210,2025-06-30,20:00,take_away,Camarero_3,Tostado,3,3900.0
1211,2025-06-30,20:00,mesa,Camarero_1,Tostado,3,3900.0
1212,2025-06-30,20:00,take_away,Camarero_6,"Latte, Latte","1, 1",1900.0
1213,2025-06-30,20:00,mesa,Camarero_6,"Tostado, Medialuna, Tostado","3, 2, 3",8800.0
1214,2025-06-30,20:00,take_away,Camarero_4,"Cappuccino, Café Espresso","1, 2",2400.0
1215,2025-06-30,20:00,mesa,Camarero_6,"Latte, Latte, Medialuna","1, 2, 3",4350.0
